[{"model": "admin.logentry", "pk": 1, "fields": {"action_time": "2020-11-28T09:22:45.904Z", "user": 1, "content_type": 7, "object_id": "1", "object_repr": "streetartathome.example.com", "action_flag": 2, "change_message": "[{\"changed\": {\"fields\": [\"Domain name\", \"Display name\"]}}]"}}, {"model": "admin.logentry", "pk": 2, "fields": {"action_time": "2020-11-28T09:32:02.217Z", "user": 1, "content_type": 4, "object_id": "1", "object_repr": "coxstuart@hotmail.com", "action_flag": 2, "change_message": "[{\"changed\": {\"fields\": [\"Username\", \"First name\", \"Last name\"]}}]"}}, {"model": "admin.logentry", "pk": 3, "fields": {"action_time": "2020-11-28T09:58:03.502Z", "user": 1, "content_type": 8, "object_id": "2", "object_repr": "coxstuart74@gmail.com", "action_flag": 1, "change_message": "[{\"added\": {}}]"}}, {"model": "admin.logentry", "pk": 4, "fields": {"action_time": "2020-11-28T09:58:53.595Z", "user": 1, "content_type": 8, "object_id": "1", "object_repr": "coxstuart@hotmail.com", "action_flag": 2, "change_message": "[{\"changed\": {\"fields\": [\"Verified\"]}}]"}}, {"model": "admin.logentry", "pk": 5, "fields": {"action_time": "2020-11-28T09:59:02.987Z", "user": 1, "content_type": 8, "object_id": "1", "object_repr": "coxstuart@hotmail.com", "action_flag": 2, "change_message": "[{\"changed\": {\"fields\": [\"Primary\"]}}]"}}, {"model": "admin.logentry", "pk": 6, "fields": {"action_time": "2020-12-05T13:13:12.384Z", "user": 1, "content_type": 7, "object_id": "1", "object_repr": "streetartathome.example.com", "action_flag": 2, "change_message": "[]"}}, {"model": "admin.logentry", "pk": 7, "fields": {"action_time": "2020-12-05T13:13:18.442Z", "user": 1, "content_type": 7, "object_id": "1", "object_repr": "streetartathome.example.com", "action_flag": 2, "change_message": "[]"}}, {"model": "admin.logentry", "pk": 8, "fields": {"action_time": "2020-12-05T13:13:24.013Z", "user": 1, "content_type": 7, "object_id": "1", "object_repr": "streetartathome.example.com", "action_flag": 2, "change_message": "[]"}}, {"model": "admin.logentry", "pk": 9, "fields": {"action_time": "2020-12-05T13:13:27.281Z", "user": 1, "content_type": 7, "object_id": "1", "object_repr": "streetartathome.example.com", "action_flag": 2, "change_message": "[]"}}, {"model": "admin.logentry", "pk": 10, "fields": {"action_time": "2020-12-05T13:13:29.576Z", "user": 1, "content_type": 7, "object_id": "1", "object_repr": "streetartathome.example.com", "action_flag": 2, "change_message": "[]"}}, {"model": "admin.logentry", "pk": 11, "fields": {"action_time": "2020-12-05T14:08:46.554Z", "user": 1, "content_type": 13, "object_id": "1", "object_repr": "Evil Duck", "action_flag": 1, "change_message": "[{\"added\": {}}]"}}, {"model": "admin.logentry", "pk": 12, "fields": {"action_time": "2020-12-05T15:13:35.912Z", "user": 1, "content_type": 13, "object_id": "2", "object_repr": "Marilyn", "action_flag": 1, "change_message": "[{\"added\": {}}]"}}, {"model": "admin.logentry", "pk": 13, "fields": {"action_time": "2020-12-05T15:13:46.852Z", "user": 1, "content_type": 13, "object_id": "2", "object_repr": "Marilyn", "action_flag": 2, "change_message": "[{\"changed\": {\"fields\": [\"Image\"]}}]"}}, {"model": "admin.logentry", "pk": 14, "fields": {"action_time": "2020-12-05T16:21:57.184Z", "user": 1, "content_type": 13, "object_id": "3", "object_repr": "A statement of position", "action_flag": 1, "change_message": "[{\"added\": {}}]"}}, {"model": "admin.logentry", "pk": 15, "fields": {"action_time": "2020-12-05T16:23:46.610Z", "user": 1, "content_type": 13, "object_id": "4", "object_repr": "Watched", "action_flag": 1, "change_message": "[{\"added\": {}}]"}}, {"model": "admin.logentry", "pk": 16, "fields": {"action_time": "2020-12-06T10:58:50.666Z", "user": 1, "content_type": 13, "object_id": "5", "object_repr": "Girls frisking Soldier", "action_flag": 1, "change_message": "[{\"added\": {}}]"}}, {"model": "admin.logentry", "pk": 17, "fields": {"action_time": "2020-12-06T10:58:58.377Z", "user": 1, "content_type": 13, "object_id": "5", "object_repr": "Girls Frisking Soldier", "action_flag": 2, "change_message": "[{\"changed\": {\"fields\": [\"Name\"]}}]"}}, {"model": "admin.logentry", "pk": 18, "fields": {"action_time": "2020-12-06T15:35:53.521Z", "user": 1, "content_type": 13, "object_id": "3", "object_repr": "A Statement Of Position", "action_flag": 2, "change_message": "[{\"changed\": {\"fields\": [\"Name\"]}}]"}}, {"model": "admin.logentry", "pk": 19, "fields": {"action_time": "2020-12-06T15:40:27.357Z", "user": 1, "content_type": 13, "object_id": "6", "object_repr": "Have a Heart", "action_flag": 1, "change_message": "[{\"added\": {}}]"}}, {"model": "admin.logentry", "pk": 20, "fields": {"action_time": "2020-12-06T15:43:58.655Z", "user": 1, "content_type": 13, "object_id": "7", "object_repr": "The Queen Of Lagos", "action_flag": 1, "change_message": "[{\"added\": {}}]"}}, {"model": "admin.logentry", "pk": 21, "fields": {"action_time": "2020-12-06T15:44:38.894Z", "user": 1, "content_type": 13, "object_id": "6", "object_repr": "Have a Heart", "action_flag": 2, "change_message": "[{\"changed\": {\"fields\": [\"Image\"]}}]"}}, {"model": "admin.logentry", "pk": 22, "fields": {"action_time": "2020-12-06T15:44:50.634Z", "user": 1, "content_type": 13, "object_id": "7", "object_repr": "The Queen Of Lagos", "action_flag": 2, "change_message": "[{\"changed\": {\"fields\": [\"Image\"]}}]"}}, {"model": "admin.logentry", "pk": 23, "fields": {"action_time": "2020-12-06T15:46:51.067Z", "user": 1, "content_type": 13, "object_id": "1", "object_repr": "Evil Duck", "action_flag": 2, "change_message": "[]"}}, {"model": "admin.logentry", "pk": 24, "fields": {"action_time": "2020-12-06T15:47:39.594Z", "user": 1, "content_type": 13, "object_id": "1", "object_repr": "Evil Duck", "action_flag": 2, "change_message": "[{\"changed\": {\"fields\": [\"Image\"]}}]"}}, {"model": "admin.logentry", "pk": 25, "fields": {"action_time": "2020-12-06T15:47:59.398Z", "user": 1, "content_type": 13, "object_id": "2", "object_repr": "Marilyn", "action_flag": 2, "change_message": "[{\"changed\": {\"fields\": [\"Image\"]}}]"}}, {"model": "admin.logentry", "pk": 26, "fields": {"action_time": "2020-12-06T15:48:07.883Z", "user": 1, "content_type": 13, "object_id": "3", "object_repr": "A Statement Of Position", "action_flag": 2, "change_message": "[{\"changed\": {\"fields\": [\"Image\"]}}]"}}, {"model": "admin.logentry", "pk": 27, "fields": {"action_time": "2020-12-06T15:48:15.954Z", "user": 1, "content_type": 13, "object_id": "4", "object_repr": "Watched", "action_flag": 2, "change_message": "[{\"changed\": {\"fields\": [\"Image\"]}}]"}}, {"model": "admin.logentry", "pk": 28, "fields": {"action_time": "2020-12-06T15:48:23.209Z", "user": 1, "content_type": 13, "object_id": "5", "object_repr": "Girls Frisking Soldier", "action_flag": 2, "change_message": "[{\"changed\": {\"fields\": [\"Image\"]}}]"}}, {"model": "admin.logentry", "pk": 29, "fields": {"action_time": "2020-12-06T15:48:34.174Z", "user": 1, "content_type": 13, "object_id": "1", "object_repr": "Evil Duck", "action_flag": 2, "change_message": "[{\"changed\": {\"fields\": [\"Image\"]}}]"}}, {"model": "admin.logentry", "pk": 30, "fields": {"action_time": "2020-12-06T15:48:43.872Z", "user": 1, "content_type": 13, "object_id": "2", "object_repr": "Marilyn", "action_flag": 2, "change_message": "[{\"changed\": {\"fields\": [\"Image\"]}}]"}}, {"model": "admin.logentry", "pk": 31, "fields": {"action_time": "2020-12-06T15:48:54.064Z", "user": 1, "content_type": 13, "object_id": "3", "object_repr": "A Statement Of Position", "action_flag": 2, "change_message": "[{\"changed\": {\"fields\": [\"Image\"]}}]"}}, {"model": "admin.logentry", "pk": 32, "fields": {"action_time": "2020-12-06T15:49:04.730Z", "user": 1, "content_type": 13, "object_id": "4", "object_repr": "Watched", "action_flag": 2, "change_message": "[{\"changed\": {\"fields\": [\"Image\"]}}]"}}, {"model": "admin.logentry", "pk": 33, "fields": {"action_time": "2020-12-06T15:49:14.628Z", "user": 1, "content_type": 13, "object_id": "5", "object_repr": "Girls Frisking Soldier", "action_flag": 2, "change_message": "[{\"changed\": {\"fields\": [\"Image\"]}}]"}}, {"model": "admin.logentry", "pk": 34, "fields": {"action_time": "2020-12-06T20:22:20.851Z", "user": 1, "content_type": 13, "object_id": "8", "object_repr": "Coolest Street In The World", "action_flag": 1, "change_message": "[{\"added\": {}}]"}}, {"model": "admin.logentry", "pk": 35, "fields": {"action_time": "2020-12-06T20:25:51.041Z", "user": 1, "content_type": 13, "object_id": "9", "object_repr": "Cool Nature", "action_flag": 1, "change_message": "[{\"added\": {}}]"}}, {"model": "admin.logentry", "pk": 36, "fields": {"action_time": "2020-12-06T20:30:05.540Z", "user": 1, "content_type": 13, "object_id": "10", "object_repr": "Stop!", "action_flag": 1, "change_message": "[{\"added\": {}}]"}}, {"model": "admin.logentry", "pk": 37, "fields": {"action_time": "2020-12-06T20:30:14.765Z", "user": 1, "content_type": 13, "object_id": "10", "object_repr": "Stop!", "action_flag": 2, "change_message": "[{\"changed\": {\"fields\": [\"Image\"]}}]"}}, {"model": "admin.logentry", "pk": 38, "fields": {"action_time": "2020-12-06T20:35:41.085Z", "user": 1, "content_type": 13, "object_id": "7", "object_repr": "Olympic Queen", "action_flag": 2, "change_message": "[{\"changed\": {\"fields\": [\"Name\", \"City\", \"Description\"]}}]"}}, {"model": "admin.logentry", "pk": 39, "fields": {"action_time": "2020-12-06T20:56:40.991Z", "user": 1, "content_type": 13, "object_id": "11", "object_repr": "Pleading To The Stars", "action_flag": 1, "change_message": "[{\"added\": {}}]"}}, {"model": "admin.logentry", "pk": 40, "fields": {"action_time": "2020-12-06T20:58:58.778Z", "user": 1, "content_type": 13, "object_id": "12", "object_repr": "Flutter", "action_flag": 1, "change_message": "[{\"added\": {}}]"}}, {"model": "admin.logentry", "pk": 41, "fields": {"action_time": "2020-12-06T21:03:06.069Z", "user": 1, "content_type": 13, "object_id": "13", "object_repr": "Fruit", "action_flag": 1, "change_message": "[{\"added\": {}}]"}}, {"model": "admin.logentry", "pk": 42, "fields": {"action_time": "2020-12-06T21:07:55.727Z", "user": 1, "content_type": 13, "object_id": "14", "object_repr": "City Of Dreams", "action_flag": 1, "change_message": "[{\"added\": {}}]"}}, {"model": "admin.logentry", "pk": 43, "fields": {"action_time": "2020-12-06T21:25:22.318Z", "user": 1, "content_type": 13, "object_id": "15", "object_repr": "Portal", "action_flag": 1, "change_message": "[{\"added\": {}}]"}}, {"model": "admin.logentry", "pk": 44, "fields": {"action_time": "2020-12-06T21:29:52.208Z", "user": 1, "content_type": 13, "object_id": "16", "object_repr": "Peace Vader", "action_flag": 1, "change_message": "[{\"added\": {}}]"}}, {"model": "admin.logentry", "pk": 45, "fields": {"action_time": "2020-12-07T18:50:36.730Z", "user": 1, "content_type": 13, "object_id": "17", "object_repr": "Taking The Mickey", "action_flag": 1, "change_message": "[{\"added\": {}}]"}}, {"model": "admin.logentry", "pk": 46, "fields": {"action_time": "2020-12-09T19:41:07.908Z", "user": 1, "content_type": 13, "object_id": "18", "object_repr": "Ohhhm", "action_flag": 1, "change_message": "[{\"added\": {}}]"}}, {"model": "admin.logentry", "pk": 47, "fields": {"action_time": "2020-12-09T19:48:09.367Z", "user": 1, "content_type": 13, "object_id": "19", "object_repr": "Raptor 30", "action_flag": 1, "change_message": "[{\"added\": {}}]"}}, {"model": "admin.logentry", "pk": 48, "fields": {"action_time": "2020-12-09T19:54:53.035Z", "user": 1, "content_type": 13, "object_id": "20", "object_repr": "(Un)Certainty", "action_flag": 1, "change_message": "[{\"added\": {}}]"}}, {"model": "admin.logentry", "pk": 49, "fields": {"action_time": "2020-12-09T19:55:53.893Z", "user": 1, "content_type": 13, "object_id": "20", "object_repr": "(Un)Certainty", "action_flag": 2, "change_message": "[{\"changed\": {\"fields\": [\"Image\"]}}]"}}, {"model": "admin.logentry", "pk": 50, "fields": {"action_time": "2020-12-09T20:14:07.899Z", "user": 1, "content_type": 13, "object_id": "21", "object_repr": "Writing on the wall (floor)", "action_flag": 1, "change_message": "[{\"added\": {}}]"}}, {"model": "admin.logentry", "pk": 51, "fields": {"action_time": "2020-12-09T20:18:05.150Z", "user": 1, "content_type": 13, "object_id": "22", "object_repr": "Transitor resistor", "action_flag": 1, "change_message": "[{\"added\": {}}]"}}, {"model": "admin.logentry", "pk": 52, "fields": {"action_time": "2020-12-09T20:25:30.104Z", "user": 1, "content_type": 13, "object_id": "23", "object_repr": "Petit Palomar", "action_flag": 1, "change_message": "[{\"added\": {}}]"}}, {"model": "admin.logentry", "pk": 53, "fields": {"action_time": "2020-12-09T20:26:35.346Z", "user": 1, "content_type": 13, "object_id": "19", "object_repr": "Raptor 30", "action_flag": 2, "change_message": "[{\"changed\": {\"fields\": [\"Description\"]}}]"}}, {"model": "admin.logentry", "pk": 54, "fields": {"action_time": "2020-12-09T20:33:07.683Z", "user": 1, "content_type": 13, "object_id": "21", "object_repr": "Writing On The Wall (floor)", "action_flag": 2, "change_message": "[{\"changed\": {\"fields\": [\"Name\"]}}]"}}, {"model": "admin.logentry", "pk": 55, "fields": {"action_time": "2020-12-09T20:33:25.934Z", "user": 1, "content_type": 13, "object_id": "22", "object_repr": "Transitor Resistor", "action_flag": 2, "change_message": "[{\"changed\": {\"fields\": [\"Name\"]}}]"}}, {"model": "admin.logentry", "pk": 56, "fields": {"action_time": "2020-12-09T20:42:18.371Z", "user": 1, "content_type": 13, "object_id": "24", "object_repr": "Bound In Colour", "action_flag": 1, "change_message": "[{\"added\": {}}]"}}, {"model": "admin.logentry", "pk": 57, "fields": {"action_time": "2020-12-09T21:34:30.276Z", "user": 1, "content_type": 13, "object_id": "25", "object_repr": "Baby Face", "action_flag": 1, "change_message": "[{\"added\": {}}]"}}, {"model": "admin.logentry", "pk": 58, "fields": {"action_time": "2020-12-10T19:17:34.573Z", "user": 1, "content_type": 13, "object_id": "26", "object_repr": "Parking People", "action_flag": 1, "change_message": "[{\"added\": {}}]"}}, {"model": "admin.logentry", "pk": 59, "fields": {"action_time": "2020-12-10T19:29:01.741Z", "user": 1, "content_type": 13, "object_id": "27", "object_repr": "The Simplest Question", "action_flag": 1, "change_message": "[{\"added\": {}}]"}}, {"model": "admin.logentry", "pk": 60, "fields": {"action_time": "2020-12-10T19:46:18.854Z", "user": 1, "content_type": 13, "object_id": "28", "object_repr": "Seremity", "action_flag": 1, "change_message": "[{\"added\": {}}]"}}, {"model": "admin.logentry", "pk": 61, "fields": {"action_time": "2020-12-10T19:48:09.507Z", "user": 1, "content_type": 13, "object_id": "5", "object_repr": "Girl Frisking Soldier", "action_flag": 2, "change_message": "[{\"changed\": {\"fields\": [\"Name\"]}}]"}}, {"model": "admin.logentry", "pk": 62, "fields": {"action_time": "2020-12-12T10:28:28.438Z", "user": 1, "content_type": 13, "object_id": "28", "object_repr": "Serenity", "action_flag": 2, "change_message": "[{\"changed\": {\"fields\": [\"Name\"]}}]"}}, {"model": "admin.logentry", "pk": 63, "fields": {"action_time": "2020-12-13T16:39:47.203Z", "user": 1, "content_type": 15, "object_id": "7", "object_repr": "576423E35E9F4747A703F03D32BA14F1", "action_flag": 3, "change_message": ""}}, {"model": "admin.logentry", "pk": 64, "fields": {"action_time": "2020-12-13T16:39:47.239Z", "user": 1, "content_type": 15, "object_id": "6", "object_repr": "C39AF96BF4B649FEB7A97DDA16689712", "action_flag": 3, "change_message": ""}}, {"model": "admin.logentry", "pk": 65, "fields": {"action_time": "2020-12-13T16:39:47.265Z", "user": 1, "content_type": 15, "object_id": "5", "object_repr": "352E31DE70E04A098519A6B62D13D5DB", "action_flag": 3, "change_message": ""}}, {"model": "admin.logentry", "pk": 66, "fields": {"action_time": "2020-12-13T16:39:47.287Z", "user": 1, "content_type": 15, "object_id": "4", "object_repr": "2D37F4649BD54AA5875AAFB202562F1E", "action_flag": 3, "change_message": ""}}, {"model": "admin.logentry", "pk": 67, "fields": {"action_time": "2020-12-13T16:39:47.309Z", "user": 1, "content_type": 15, "object_id": "3", "object_repr": "AAEDB5A911134D9E9DA3F6D5D97DE30F", "action_flag": 3, "change_message": ""}}, {"model": "admin.logentry", "pk": 68, "fields": {"action_time": "2020-12-13T16:39:47.341Z", "user": 1, "content_type": 15, "object_id": "2", "object_repr": "D2149D8C88734EE9A8F15679E3854F25", "action_flag": 3, "change_message": ""}}, {"model": "admin.logentry", "pk": 69, "fields": {"action_time": "2020-12-13T16:39:47.362Z", "user": 1, "content_type": 15, "object_id": "1", "object_repr": "41DFDCEC69824648AF3CF68826075C49", "action_flag": 3, "change_message": ""}}, {"model": "admin.logentry", "pk": 70, "fields": {"action_time": "2020-12-13T19:59:20.189Z", "user": 1, "content_type": 15, "object_id": "16", "object_repr": "D37EC00BEB494A6EB6433773918FA308", "action_flag": 3, "change_message": ""}}, {"model": "admin.logentry", "pk": 71, "fields": {"action_time": "2020-12-13T19:59:20.220Z", "user": 1, "content_type": 15, "object_id": "15", "object_repr": "69B564C059214F10B3493E8CACBE78A8", "action_flag": 3, "change_message": ""}}, {"model": "admin.logentry", "pk": 72, "fields": {"action_time": "2020-12-13T19:59:20.247Z", "user": 1, "content_type": 15, "object_id": "14", "object_repr": "D36F3057D1F64C0E981A400015D4C2DE", "action_flag": 3, "change_message": ""}}, {"model": "admin.logentry", "pk": 73, "fields": {"action_time": "2020-12-13T19:59:20.271Z", "user": 1, "content_type": 15, "object_id": "13", "object_repr": "2A91CCDE919E48ABB4C7CCF30935019F", "action_flag": 3, "change_message": ""}}, {"model": "admin.logentry", "pk": 74, "fields": {"action_time": "2020-12-13T19:59:20.296Z", "user": 1, "content_type": 15, "object_id": "12", "object_repr": "0320AA1FBE2F418A9C9424BBFF864754", "action_flag": 3, "change_message": ""}}, {"model": "admin.logentry", "pk": 75, "fields": {"action_time": "2020-12-13T19:59:20.320Z", "user": 1, "content_type": 15, "object_id": "11", "object_repr": "83B72FF386AB46B6B2C9410ADB4C7CBD", "action_flag": 3, "change_message": ""}}, {"model": "admin.logentry", "pk": 76, "fields": {"action_time": "2020-12-13T19:59:20.345Z", "user": 1, "content_type": 15, "object_id": "10", "object_repr": "88F5B26309B74C58BF7EA223C76EFB38", "action_flag": 3, "change_message": ""}}, {"model": "admin.logentry", "pk": 77, "fields": {"action_time": "2020-12-13T19:59:20.369Z", "user": 1, "content_type": 15, "object_id": "9", "object_repr": "23C64F5F4D484D9A856E113930798182", "action_flag": 3, "change_message": ""}}, {"model": "admin.logentry", "pk": 78, "fields": {"action_time": "2020-12-13T19:59:20.394Z", "user": 1, "content_type": 15, "object_id": "8", "object_repr": "320C7F255DEB42408C58CC380CD190A3", "action_flag": 3, "change_message": ""}}, {"model": "admin.logentry", "pk": 79, "fields": {"action_time": "2020-12-14T16:33:49.868Z", "user": 1, "content_type": 15, "object_id": "19", "object_repr": "E5749008394745B68A335BF46A7C8992", "action_flag": 2, "change_message": "[{\"added\": {\"name\": \"order line item\", \"object\": \"SKU 0020 on order E5749008394745B68A335BF46A7C8992\"}}]"}}, {"model": "admin.logentry", "pk": 80, "fields": {"action_time": "2020-12-14T16:36:34.485Z", "user": 1, "content_type": 15, "object_id": "19", "object_repr": "E5749008394745B68A335BF46A7C8992", "action_flag": 2, "change_message": "[{\"deleted\": {\"name\": \"order line item\", \"object\": \"SKU 0002 on order E5749008394745B68A335BF46A7C8992\"}}]"}}, {"model": "admin.logentry", "pk": 81, "fields": {"action_time": "2020-12-14T19:18:16.374Z", "user": 1, "content_type": 15, "object_id": "25", "object_repr": "1F7AA649A9E044F1B87C023D787DD0D8", "action_flag": 2, "change_message": "[{\"changed\": {\"name\": \"order line item\", \"object\": \"SKU 0001 on order 1F7AA649A9E044F1B87C023D787DD0D8\", \"fields\": [\"Quantity\"]}}]"}}, {"model": "admin.logentry", "pk": 82, "fields": {"action_time": "2020-12-14T19:35:17.467Z", "user": 1, "content_type": 15, "object_id": "26", "object_repr": "B38756EA11A34544AD5ED80A517FF3FF", "action_flag": 2, "change_message": "[{\"added\": {\"name\": \"order line item\", \"object\": \"SKU 0019 on order B38756EA11A34544AD5ED80A517FF3FF\"}}]"}}, {"model": "admin.logentry", "pk": 83, "fields": {"action_time": "2020-12-14T19:49:56.801Z", "user": 1, "content_type": 15, "object_id": "28", "object_repr": "31E1F3ECD71345959A6FEB7C795D3FE6", "action_flag": 2, "change_message": "[{\"deleted\": {\"name\": \"order line item\", \"object\": \"SKU 0006 on order 31E1F3ECD71345959A6FEB7C795D3FE6\"}}]"}}, {"model": "admin.logentry", "pk": 84, "fields": {"action_time": "2020-12-14T19:50:06.465Z", "user": 1, "content_type": 15, "object_id": "28", "object_repr": "31E1F3ECD71345959A6FEB7C795D3FE6", "action_flag": 2, "change_message": "[{\"added\": {\"name\": \"order line item\", \"object\": \"SKU 0020 on order 31E1F3ECD71345959A6FEB7C795D3FE6\"}}]"}}, {"model": "admin.logentry", "pk": 85, "fields": {"action_time": "2020-12-14T19:50:21.511Z", "user": 1, "content_type": 15, "object_id": "28", "object_repr": "31E1F3ECD71345959A6FEB7C795D3FE6", "action_flag": 2, "change_message": "[{\"changed\": {\"name\": \"order line item\", \"object\": \"SKU 0002 on order 31E1F3ECD71345959A6FEB7C795D3FE6\", \"fields\": [\"Quantity\"]}}]"}}, {"model": "admin.logentry", "pk": 86, "fields": {"action_time": "2020-12-14T20:01:44.593Z", "user": 1, "content_type": 13, "object_id": "29", "object_repr": "Submersive Philosopher", "action_flag": 1, "change_message": "[{\"added\": {}}]"}}, {"model": "admin.logentry", "pk": 87, "fields": {"action_time": "2020-12-14T20:04:26.355Z", "user": 1, "content_type": 13, "object_id": "30", "object_repr": "Old School", "action_flag": 1, "change_message": "[{\"added\": {}}]"}}, {"model": "admin.logentry", "pk": 88, "fields": {"action_time": "2020-12-14T20:07:12.141Z", "user": 1, "content_type": 13, "object_id": "31", "object_repr": "Mummy Che", "action_flag": 1, "change_message": "[{\"added\": {}}]"}}, {"model": "admin.logentry", "pk": 89, "fields": {"action_time": "2020-12-14T20:12:38.930Z", "user": 1, "content_type": 13, "object_id": "32", "object_repr": "Strive", "action_flag": 1, "change_message": "[{\"added\": {}}]"}}, {"model": "admin.logentry", "pk": 90, "fields": {"action_time": "2020-12-14T20:15:21.654Z", "user": 1, "content_type": 13, "object_id": "33", "object_repr": "Yes!", "action_flag": 1, "change_message": "[{\"added\": {}}]"}}, {"model": "admin.logentry", "pk": 91, "fields": {"action_time": "2020-12-14T20:16:40.245Z", "user": 1, "content_type": 13, "object_id": "31", "object_repr": "Mummy Che", "action_flag": 3, "change_message": ""}}, {"model": "admin.logentry", "pk": 92, "fields": {"action_time": "2020-12-14T20:19:02.103Z", "user": 1, "content_type": 13, "object_id": "34", "object_repr": "Wistful", "action_flag": 1, "change_message": "[{\"added\": {}}]"}}, {"model": "admin.logentry", "pk": 93, "fields": {"action_time": "2020-12-15T13:25:19.471Z", "user": 1, "content_type": 13, "object_id": "3", "object_repr": "Current Affairs", "action_flag": 2, "change_message": "[{\"changed\": {\"fields\": [\"Name\"]}}]"}}, {"model": "admin.logentry", "pk": 94, "fields": {"action_time": "2020-12-15T13:28:06.387Z", "user": 1, "content_type": 13, "object_id": "18", "object_repr": "Crossroads", "action_flag": 2, "change_message": "[{\"changed\": {\"fields\": [\"Name\"]}}]"}}, {"model": "admin.logentry", "pk": 95, "fields": {"action_time": "2020-12-26T11:30:57.026Z", "user": 1, "content_type": 17, "object_id": "1", "object_repr": "Test blog posting", "action_flag": 1, "change_message": "[{\"added\": {}}]"}}, {"model": "admin.logentry", "pk": 96, "fields": {"action_time": "2020-12-26T11:31:10.607Z", "user": 1, "content_type": 17, "object_id": "1", "object_repr": "Test blog posting", "action_flag": 2, "change_message": "[]"}}, {"model": "admin.logentry", "pk": 97, "fields": {"action_time": "2020-12-26T13:45:50.302Z", "user": 1, "content_type": 17, "object_id": "1", "object_repr": "Test blog posting", "action_flag": 2, "change_message": "[{\"changed\": {\"fields\": [\"Blogimage\"]}}]"}}, {"model": "admin.logentry", "pk": 98, "fields": {"action_time": "2020-12-26T13:52:20.455Z", "user": 1, "content_type": 17, "object_id": "1", "object_repr": "New Taipei piece", "action_flag": 2, "change_message": "[{\"changed\": {\"fields\": [\"Blogtitle\", \"Blogtext\"]}}]"}}, {"model": "admin.logentry", "pk": 99, "fields": {"action_time": "2020-12-26T13:55:52.355Z", "user": 1, "content_type": 17, "object_id": "2", "object_repr": "Famous Madrid mural to be removed", "action_flag": 1, "change_message": "[{\"added\": {}}]"}}, {"model": "admin.logentry", "pk": 100, "fields": {"action_time": "2020-12-26T14:04:09.386Z", "user": 1, "content_type": 17, "object_id": "3", "object_repr": "Street Art Tours", "action_flag": 1, "change_message": "[{\"added\": {}}]"}}, {"model": "admin.logentry", "pk": 101, "fields": {"action_time": "2020-12-27T12:31:47.527Z", "user": 1, "content_type": 18, "object_id": "1", "object_repr": "London", "action_flag": 1, "change_message": "[{\"added\": {}}]"}}, {"model": "admin.logentry", "pk": 102, "fields": {"action_time": "2020-12-27T15:29:24.211Z", "user": 1, "content_type": 18, "object_id": "2", "object_repr": "Berlin", "action_flag": 1, "change_message": "[{\"added\": {}}]"}}, {"model": "admin.logentry", "pk": 103, "fields": {"action_time": "2020-12-28T13:41:56.118Z", "user": 1, "content_type": 18, "object_id": "1", "object_repr": "London", "action_flag": 2, "change_message": "[{\"changed\": {\"fields\": [\"Citiestext\"]}}]"}}, {"model": "admin.logentry", "pk": 104, "fields": {"action_time": "2020-12-28T13:43:53.785Z", "user": 1, "content_type": 18, "object_id": "2", "object_repr": "Berlin", "action_flag": 2, "change_message": "[{\"changed\": {\"fields\": [\"Citiestext\"]}}]"}}, {"model": "admin.logentry", "pk": 105, "fields": {"action_time": "2020-12-28T13:46:32.877Z", "user": 1, "content_type": 18, "object_id": "3", "object_repr": "Bristol", "action_flag": 1, "change_message": "[{\"added\": {}}]"}}, {"model": "admin.logentry", "pk": 106, "fields": {"action_time": "2020-12-28T13:49:28.095Z", "user": 1, "content_type": 18, "object_id": "4", "object_repr": "Paris", "action_flag": 1, "change_message": "[{\"added\": {}}]"}}, {"model": "admin.logentry", "pk": 107, "fields": {"action_time": "2020-12-28T13:49:33.838Z", "user": 1, "content_type": 18, "object_id": "3", "object_repr": "Bristol", "action_flag": 2, "change_message": "[]"}}, {"model": "admin.logentry", "pk": 108, "fields": {"action_time": "2020-12-28T13:51:28.273Z", "user": 1, "content_type": 18, "object_id": "5", "object_repr": "New York", "action_flag": 1, "change_message": "[{\"added\": {}}]"}}, {"model": "admin.logentry", "pk": 109, "fields": {"action_time": "2020-12-28T13:54:26.648Z", "user": 1, "content_type": 18, "object_id": "1", "object_repr": "London", "action_flag": 2, "change_message": "[]"}}, {"model": "admin.logentry", "pk": 110, "fields": {"action_time": "2020-12-28T13:54:33.086Z", "user": 1, "content_type": 18, "object_id": "2", "object_repr": "Berlin", "action_flag": 2, "change_message": "[]"}}, {"model": "admin.logentry", "pk": 111, "fields": {"action_time": "2020-12-28T13:54:39.489Z", "user": 1, "content_type": 18, "object_id": "3", "object_repr": "Bristol", "action_flag": 2, "change_message": "[]"}}, {"model": "admin.logentry", "pk": 112, "fields": {"action_time": "2020-12-28T13:54:44.287Z", "user": 1, "content_type": 18, "object_id": "4", "object_repr": "Paris", "action_flag": 2, "change_message": "[]"}}, {"model": "admin.logentry", "pk": 113, "fields": {"action_time": "2020-12-28T13:55:02.270Z", "user": 1, "content_type": 18, "object_id": "5", "object_repr": "New York", "action_flag": 2, "change_message": "[{\"changed\": {\"fields\": [\"Citiesimage\"]}}]"}}, {"model": "admin.logentry", "pk": 114, "fields": {"action_time": "2020-12-28T13:55:10.761Z", "user": 1, "content_type": 18, "object_id": "5", "object_repr": "New York", "action_flag": 2, "change_message": "[{\"changed\": {\"fields\": [\"Citiesimage\"]}}]"}}, {"model": "admin.logentry", "pk": 115, "fields": {"action_time": "2020-12-28T13:56:32.281Z", "user": 1, "content_type": 18, "object_id": "5", "object_repr": "New York", "action_flag": 3, "change_message": ""}}, {"model": "admin.logentry", "pk": 116, "fields": {"action_time": "2020-12-28T13:57:29.359Z", "user": 1, "content_type": 18, "object_id": "1", "object_repr": "London", "action_flag": 2, "change_message": "[]"}}, {"model": "admin.logentry", "pk": 117, "fields": {"action_time": "2020-12-28T13:57:37.559Z", "user": 1, "content_type": 18, "object_id": "2", "object_repr": "Berlin", "action_flag": 2, "change_message": "[]"}}, {"model": "admin.logentry", "pk": 118, "fields": {"action_time": "2020-12-28T13:57:52.528Z", "user": 1, "content_type": 18, "object_id": "3", "object_repr": "Bristol", "action_flag": 2, "change_message": "[]"}}, {"model": "admin.logentry", "pk": 119, "fields": {"action_time": "2020-12-28T13:58:06.515Z", "user": 1, "content_type": 18, "object_id": "4", "object_repr": "Paris", "action_flag": 2, "change_message": "[{\"changed\": {\"fields\": [\"Citiesimage\"]}}]"}}, {"model": "admin.logentry", "pk": 120, "fields": {"action_time": "2020-12-28T13:58:56.161Z", "user": 1, "content_type": 18, "object_id": "6", "object_repr": "New York", "action_flag": 1, "change_message": "[{\"added\": {}}]"}}, {"model": "admin.logentry", "pk": 121, "fields": {"action_time": "2020-12-29T13:20:05.800Z", "user": 1, "content_type": 17, "object_id": "1", "object_repr": "New Taipei piece", "action_flag": 3, "change_message": ""}}, {"model": "admin.logentry", "pk": 122, "fields": {"action_time": "2020-12-29T13:22:05.887Z", "user": 1, "content_type": 17, "object_id": "2", "object_repr": "Famous Madrid mural to be removed", "action_flag": 2, "change_message": "[{\"changed\": {\"fields\": [\"Blogtext\"]}}]"}}, {"model": "admin.logentry", "pk": 123, "fields": {"action_time": "2020-12-29T13:22:46.928Z", "user": 1, "content_type": 17, "object_id": "3", "object_repr": "Street Art Tours", "action_flag": 2, "change_message": "[{\"changed\": {\"fields\": [\"Blogtext\"]}}]"}}, {"model": "admin.logentry", "pk": 124, "fields": {"action_time": "2020-12-29T13:32:37.026Z", "user": 1, "content_type": 17, "object_id": "4", "object_repr": "Hong Kong Law", "action_flag": 1, "change_message": "[{\"added\": {}}]"}}, {"model": "admin.logentry", "pk": 125, "fields": {"action_time": "2020-12-29T13:36:30.659Z", "user": 1, "content_type": 17, "object_id": "5", "object_repr": "New product", "action_flag": 1, "change_message": "[{\"added\": {}}]"}}, {"model": "admin.logentry", "pk": 126, "fields": {"action_time": "2020-12-29T13:36:36.214Z", "user": 1, "content_type": 17, "object_id": "4", "object_repr": "Hong Kong Law", "action_flag": 2, "change_message": "[]"}}, {"model": "admin.logentry", "pk": 127, "fields": {"action_time": "2020-12-29T13:39:19.991Z", "user": 1, "content_type": 17, "object_id": "6", "object_repr": "Brooklyn Show", "action_flag": 1, "change_message": "[{\"added\": {}}]"}}, {"model": "admin.logentry", "pk": 128, "fields": {"action_time": "2020-12-29T13:40:04.812Z", "user": 1, "content_type": 17, "object_id": "3", "object_repr": "Street Art @ Home tours", "action_flag": 2, "change_message": "[{\"changed\": {\"fields\": [\"Blogtitle\"]}}]"}}, {"model": "admin.logentry", "pk": 129, "fields": {"action_time": "2020-12-29T13:40:12.693Z", "user": 1, "content_type": 17, "object_id": "4", "object_repr": "Hong Kong law", "action_flag": 2, "change_message": "[{\"changed\": {\"fields\": [\"Blogtitle\"]}}]"}}, {"model": "admin.logentry", "pk": 130, "fields": {"action_time": "2020-12-29T13:40:20.366Z", "user": 1, "content_type": 17, "object_id": "6", "object_repr": "Brooklyn show", "action_flag": 2, "change_message": "[{\"changed\": {\"fields\": [\"Blogtitle\"]}}]"}}, {"model": "admin.logentry", "pk": 131, "fields": {"action_time": "2020-12-29T13:40:54.798Z", "user": 1, "content_type": 17, "object_id": "5", "object_repr": "New product", "action_flag": 2, "change_message": "[{\"changed\": {\"fields\": [\"Blogtext\"]}}]"}}, {"model": "admin.logentry", "pk": 132, "fields": {"action_time": "2020-12-30T13:20:21.380Z", "user": 1, "content_type": 13, "object_id": "35", "object_repr": "Test one", "action_flag": 1, "change_message": "[{\"added\": {}}]"}}, {"model": "admin.logentry", "pk": 133, "fields": {"action_time": "2020-12-30T13:20:57.318Z", "user": 1, "content_type": 13, "object_id": "35", "object_repr": "Test one", "action_flag": 3, "change_message": ""}}, {"model": "admin.logentry", "pk": 134, "fields": {"action_time": "2020-12-30T19:24:57.887Z", "user": 1, "content_type": 17, "object_id": "2", "object_repr": "Famous Madrid mural to be removed", "action_flag": 2, "change_message": "[{\"changed\": {\"fields\": [\"Blogposter\", \"Blogdate\"]}}]"}}, {"model": "admin.logentry", "pk": 135, "fields": {"action_time": "2020-12-30T19:25:27.687Z", "user": 1, "content_type": 17, "object_id": "3", "object_repr": "Street Art @ Home tours", "action_flag": 2, "change_message": "[{\"changed\": {\"fields\": [\"Blogposter\", \"Blogdate\"]}}]"}}, {"model": "admin.logentry", "pk": 136, "fields": {"action_time": "2020-12-30T19:25:51.220Z", "user": 1, "content_type": 17, "object_id": "4", "object_repr": "Hong Kong law", "action_flag": 2, "change_message": "[{\"changed\": {\"fields\": [\"Blogposter\", \"Blogdate\"]}}]"}}, {"model": "admin.logentry", "pk": 137, "fields": {"action_time": "2020-12-30T19:26:53.026Z", "user": 1, "content_type": 17, "object_id": "5", "object_repr": "New product", "action_flag": 2, "change_message": "[{\"changed\": {\"fields\": [\"Blogposter\", \"Blogdate\"]}}]"}}, {"model": "admin.logentry", "pk": 138, "fields": {"action_time": "2020-12-30T19:27:17.483Z", "user": 1, "content_type": 17, "object_id": "6", "object_repr": "Brooklyn show", "action_flag": 2, "change_message": "[{\"changed\": {\"fields\": [\"Blogposter\", \"Blogdate\"]}}]"}}, {"model": "admin.logentry", "pk": 139, "fields": {"action_time": "2020-12-30T19:27:35.500Z", "user": 1, "content_type": 17, "object_id": "5", "object_repr": "New product", "action_flag": 2, "change_message": "[{\"changed\": {\"fields\": [\"Blogdate\"]}}]"}}, {"model": "admin.logentry", "pk": 140, "fields": {"action_time": "2020-12-30T19:27:46.127Z", "user": 1, "content_type": 17, "object_id": "4", "object_repr": "Hong Kong law", "action_flag": 2, "change_message": "[{\"changed\": {\"fields\": [\"Blogdate\"]}}]"}}, {"model": "admin.logentry", "pk": 141, "fields": {"action_time": "2020-12-30T19:27:55.463Z", "user": 1, "content_type": 17, "object_id": "3", "object_repr": "Street Art @ Home tours", "action_flag": 2, "change_message": "[{\"changed\": {\"fields\": [\"Blogdate\"]}}]"}}, {"model": "admin.logentry", "pk": 142, "fields": {"action_time": "2020-12-30T19:28:06.798Z", "user": 1, "content_type": 17, "object_id": "2", "object_repr": "Famous Madrid mural to be removed", "action_flag": 2, "change_message": "[{\"changed\": {\"fields\": [\"Blogdate\"]}}]"}}, {"model": "auth.user", "pk": 1, "fields": {"password": "pbkdf2_sha256$216000$XjrBniet81rW$PbkO3Q/ZgwaqQgLZ6ccQ2ewQlxE931trxmAMMyodreU=", "last_login": "2021-01-01T11:29:59.883Z", "is_superuser": true, "username": "coxstuart@hotmail.com", "first_name": "Stuart", "last_name": "Cox", "email": "coxstuart@hotmail.com", "is_staff": true, "is_active": true, "date_joined": "2020-11-28T09:00:48Z", "groups": [], "user_permissions": []}}, {"model": "auth.user", "pk": 2, "fields": {"password": "pbkdf2_sha256$216000$Jmh2dQGjveDl$Foij3D08v1EjCjBnFl9cIlvJQgHkpdY5Ef0wdq+Qays=", "last_login": null, "is_superuser": false, "username": "testemail@test.com", "first_name": "", "last_name": "", "email": "testemail@test.com", "is_staff": false, "is_active": true, "date_joined": "2020-12-17T21:39:44.627Z", "groups": [], "user_permissions": []}}, {"model": "auth.user", "pk": 3, "fields": {"password": "pbkdf2_sha256$216000$i20Y9OdJe4P2$4WWWov4i+hMFmbjZmZYtdOmnuUaz2NL9xLEV/INYO2w=", "last_login": "2020-12-19T11:17:27.345Z", "is_superuser": true, "username": "coxstuart74@gmail.com", "first_name": "", "last_name": "", "email": "coxstuart74@gmail.com", "is_staff": true, "is_active": true, "date_joined": "2020-12-19T11:07:37.635Z", "groups": [], "user_permissions": []}}, {"model": "auth.user", "pk": 4, "fields": {"password": "pbkdf2_sha256$216000$K2PDvVkfHI3B$XOQgQv2x1A+pENLNNjBsyIEk6sdJSYDnkG6LZZgG4uA=", "last_login": null, "is_superuser": false, "username": "mickeybetterthanleo@hotmail.com", "first_name": "", "last_name": "", "email": "mickeybetterthanleo@hotmail.com", "is_staff": false, "is_active": true, "date_joined": "2020-12-19T11:26:06.906Z", "groups": [], "user_permissions": []}}, {"model": "auth.user", "pk": 5, "fields": {"password": "pbkdf2_sha256$216000$r9bxGVZqQvHJ$2Ud00xx8AG/Ohz2N5rMGxO2mFTkPf52qvZT30E/IQRo=", "last_login": "2020-12-19T11:28:25.132Z", "is_superuser": false, "username": "test@test.com", "first_name": "", "last_name": "", "email": "test@test.com", "is_staff": false, "is_active": true, "date_joined": "2020-12-19T11:27:16.613Z", "groups": [], "user_permissions": []}}, {"model": "auth.user", "pk": 6, "fields": {"password": "pbkdf2_sha256$216000$lLOArYD0zENH$txvKwrz7XCUmhrEQSCqi8/P93X5dmGVWDuBlj7WHt0Y=", "last_login": null, "is_superuser": false, "username": "test2@test.com", "first_name": "", "last_name": "", "email": "test2@test.com", "is_staff": false, "is_active": true, "date_joined": "2020-12-27T11:19:25.292Z", "groups": [], "user_permissions": []}}, {"model": "auth.user", "pk": 7, "fields": {"password": "pbkdf2_sha256$216000$2s7SWJVmqBal$qpbsDhFOuKEy2y51qz8vuvturw8NgQyVRdpfROvUMps=", "last_login": "2020-12-27T12:05:20.909Z", "is_superuser": false, "username": "test3", "first_name": "", "last_name": "", "email": "test3@test.com", "is_staff": false, "is_active": true, "date_joined": "2020-12-27T12:05:20.635Z", "groups": [], "user_permissions": []}}, {"model": "auth.user", "pk": 8, "fields": {"password": "pbkdf2_sha256$216000$oET8Ue7xeEF0$KnpeDtrYswB4rc46SHo+22N7drkUtTWBqj7L6XJY2HI=", "last_login": "2020-12-29T16:02:53.393Z", "is_superuser": false, "username": "testname10", "first_name": "", "last_name": "", "email": "test10@test10.com", "is_staff": false, "is_active": true, "date_joined": "2020-12-29T16:02:53.088Z", "groups": [], "user_permissions": []}}, {"model": "sessions.session", "pk": "176rloq0lvw89atg0xp44sn17n07k9xw", "fields": {"session_data": "eyJfc2Vzc2lvbl9leHBpcnkiOjB9:1kqZKN:4E9z7ZOS9THY0RfM9OSc9MCVwmhFv5rf9l55EYVnPNs", "expire_date": "2021-01-02T10:19:07.958Z"}}, {"model": "sessions.session", "pk": "1lqlgril646ij6mal6dmx793g1axw6xz", "fields": {"session_data": "eyJhY2NvdW50X3ZlcmlmaWVkX2VtYWlsIjpudWxsLCJhY2NvdW50X3VzZXIiOiIyIiwiX3Nlc3Npb25fZXhwaXJ5IjowfQ:1kq15X:KLu_pmB1K56gIA5V0y7s5nv5fC9v9CbQdfFXDD1Nz8s", "expire_date": "2020-12-31T21:45:31.478Z"}}, {"model": "sessions.session", "pk": "1vqev7j31nwfvhhq3gcns9lktv4tepjv", "fields": {"session_data": ".eJxVjMsOgyAUBf-FdUN4Krjsvt9AgHtV2gaMaNLG-O-tiRu3Z-bMRoIfSLftN-L8uoxurTi7BKQjnFy24OML8wHg6fNQaCx5mVOgh0JPWumjAL7vp3sJjL6O_7dQVhjZN0IaBYIp1EYyzlvug9GmBQs2Mt3yqIAxwIb3aCFormwEBkYe0Yq1ppIdfqY0f0nH9h9hLkDv:1kuHmd:jpZURw5ZyCXeQovhKSEIuXy0ZVAuD0F5eC5NXvlr1do", "expire_date": "2021-01-12T16:23:39.403Z"}}, {"model": "sessions.session", "pk": "2bnd0b14pyo8a0gsujbbc1gqz1obzbqh", "fields": {"session_data": ".eJxVjMEOwiAQBf-FsyFQEEqP3v0GsguLRQ00pU00xn_XJj3o9c28eTEP6zL6tdHsc2QDk-zwuyGEG5UNxCuUS-WhlmXOyDeF77Txc410P-3uX2CENn7fBq0yxh4dUhLJBeqCE04JaZVOYGLSSARdJ8GSUbLvlY4AKFUMOqGwW7RRa7kWT48pz082iPcHkio_aw:1kix26:K3sktackLqghlamoIqi8Q7GZPBc7QsxLxVRzfxEKZHo", "expire_date": "2020-12-12T10:00:46.861Z"}}, {"model": "sessions.session", "pk": "2par5fxrrmiiyaf31r05icdy4219t4fv", "fields": {"session_data": "e30:1kq0oq:H0nr0TdRQGnJBYel_yJpywjg3CYcKY7rGW_y6JUMkvg", "expire_date": "2020-12-31T21:28:16.253Z"}}, {"model": "sessions.session", "pk": "4d4hcmpkkotgcungrnug3ooegaqn9bs7", "fields": {"session_data": "e30:1kqFVK:Ey3gEONczTeRbu6CjQEWolzZurIAfYwmrpRu5XVTmT8", "expire_date": "2021-01-01T13:09:06.666Z"}}, {"model": "sessions.session", "pk": "5g5ihrp2mmmecs7aajchbxiu028ebwgv", "fields": {"session_data": ".eJxVjMsOwiAUBf-FtSE8W-jSvd9AgHtrUQMNtEZj_Hdt0k23Z-bMhzT_RJfyWMiw1BVPxPl1mdzasLoEZCCcHLbg4x3zBuDm87XQWPJSU6CbQnfa6KUAPs67ewhMvk3_t1BWGDl2QhoFginURjLOe-6D0aYHCzYy3fOogDHAjo9oIWiubAQGRm7Rhq2lkh2-5lTfZGDfHwrBREc:1ks2eG:8y0CTHfGbr_uCmba-nF_SdseypxfdIHQZI-YkkRjVK0", "expire_date": "2021-01-06T11:49:44.952Z"}}, {"model": "sessions.session", "pk": "8c73aao9he4cjrzk6niiv731ka1jrdtf", "fields": {"session_data": "e30:1kqZPB:B0oIi2n7wLSxzFSpy1J2D9dAFe8Ny98bJeMSNvcIEr0", "expire_date": "2021-01-02T10:24:05.870Z"}}, {"model": "sessions.session", "pk": "a227znvocthnv0ewxt2ii5dkd5kucdtk", "fields": {"session_data": "eyJzYXZlX2luZm8iOmZhbHNlLCJiYWciOnsiMiI6MX19:1kqZYx:CAhnnDA9a-pmlU7y79GyJiSxif8gEymjYnPKy1AWRE4", "expire_date": "2021-01-02T10:34:11.907Z"}}, {"model": "sessions.session", "pk": "comfix95pfwdeyglqoon6wa6zjlkapu2", "fields": {"session_data": ".eJxVjkEOgyAURO_C2hBAUGDZfc9AgP-ttA00okkb492riYt2O2_mZVbi_DKPbqk4uQTEEk6a3yz4-MB8ALj7fCs0ljxPKdCjQk9a6bUAPi9n908w-jruayGN0O3QiVZLEEyi0i3jvOc-aKV7MGAiUz2PEhgD7PiABoLi0kRgoNtDWrHWVLLD9ytNH2JZQ4K_Ebvupy3fti-53UHP:1kuhat:VsmoYWlXG91Fao6ymR7q_zJAhKwwoSMGAf5zBVV0h9E", "expire_date": "2021-01-13T19:57:15.461Z"}}, {"model": "sessions.session", "pk": "emmfw72c354hd54d0gx21mzpcg7pw4rn", "fields": {"session_data": ".eJxVjMEOgyAQBf9lz8aAogLH3vsNBNi10jbQgDZtjP_emnhor2_mzQrGLvNklkLZBAQNHKrfzVl_o7gDvNp4SbVPcc7B1btSH7TU54R0Px3uX2CyZfq-G6Ea2Y5900qBDRPUyZZxPnDrZCcHVKg86wbuBTKG1PORFLqOC-WRoWz3aKFSQoqGXo-Q36BZBcU-yYQ4JtBzXqgCZy-gV-hB8237AGLiR_g:1ktYP8:Tq13A7_oYq8x5u5rQyPDFT7HoVcO9E5foHPWPNCa43g", "expire_date": "2021-01-10T15:56:22.653Z"}}, {"model": "sessions.session", "pk": "eswm35coisqom92rldc11bdxmm2vsfq0", "fields": {"session_data": ".eJxVjMsOwiAUBf-FtSE8W-jSvd9AgHuxaAOmtEZj_Hdt0k23Z-bMhzT_RJdLqmRIfmp4Is6vy-jWhrPLQAbCyWELPt6xbABuvlwrjbUscw50U-hOG71UwOm8u4fA6Nv4fwtlhZGpE9IoEEyhNpJx3nMfjDY9WLCR6Z5HBYwBdjyhhaC5shEYGLlFG7aWa3H4euT5TQb2_QFJBkSS:1krkwz:q7rK_eaN4_2kY425VyKYbXzP0Dl10Z2oVN5tFp0YuKM", "expire_date": "2021-01-05T16:55:53.195Z"}}, {"model": "sessions.session", "pk": "f73vo67k648k6bhf1tpudvb1oz4fstvv", "fields": {"session_data": "eyJzYXZlX2luZm8iOmZhbHNlfQ:1kq0oD:XBOrPgH4zUUnJYpuFpfn4yoAhOgYxcVTbD1Tt-3wrjA", "expire_date": "2020-12-31T21:27:37.946Z"}}, {"model": "sessions.session", "pk": "fgyp5exhxrdftr862fwxjyh56jup0ota", "fields": {"session_data": "e30:1kq16g:EWyDQuHQl354htSCjBl91wpBp257tNIUdYDL5tqIbUo", "expire_date": "2020-12-31T21:46:42.414Z"}}, {"model": "sessions.session", "pk": "flqf9vkk0p6a88osgn2f4uagi736j7w2", "fields": {"session_data": "eyJiYWciOnsiMSI6MSwiMiI6MTAsIjUiOjE5fX0:1ko3wy:RwRpDq3w5x7tetffXwoA5tAJDGCopeJaZjUlgN5s1NI", "expire_date": "2020-12-26T12:24:36.377Z"}}, {"model": "sessions.session", "pk": "j0wgfx1mpn21ckejcnd8o3lp2sxkmr56", "fields": {"session_data": "eyJiYWciOnsiMzMiOjJ9fQ:1kvIys:13t1i-y2DoRo-0ax87EvejXe0hvE2iwGeyyFp_pcAt0", "expire_date": "2021-01-15T11:52:30.140Z"}}, {"model": "sessions.session", "pk": "k930wb0i7o53a68c7aojhbrpaqwxz8t2", "fields": {"session_data": ".eJxVjrkOgzAQRP9lawv5io1dps83oF17DTkEEkeF-PcYiSJp570ZzQ4dbuvQbQvP3TNDBAXiNyNMbx5PkF849lOTpnGdn9ScSnPRpXlMmT_3y_0bGHAZatuRN875WyAusoTEOgUZjFTe2IIuF0vMqLVCz86otjU2I5IyOdlC0tdRwh7iDhqiEvVmtAIcRCfAQtQ18RUcxxcRbkBT:1ko2UU:I7-23qi_T79R0EP3YG5EOLsVdo1HV-CB4GpTTzmW6CI", "expire_date": "2020-12-26T10:51:06.349Z"}}, {"model": "sessions.session", "pk": "lqo4zcgqlqzbo132uvejzbldqeswcern", "fields": {"session_data": ".eJxVjMsOwiAUBf-FtSE8W-jSvd9AgHuxaAOmtEZj_Hdt0k23Z-bMhzT_RJdLqmRIfmp4Is6vy-jWhrPLQAbCyWELPt6xbABuvlwrjbUscw50U-hOG71UwOm8u4fA6Nv4fwtlhZGpE9IoEEyhNpJx3nMfjDY9WLCR6Z5HBYwBdjyhhaC5shEYGLlFG7aWa3H4euT5TQb2_QFJBkSS:1ktt32:vU_oWaVs7Ncap8FfKs5ZZphh5H8A86M2koV-f4LHzYs", "expire_date": "2021-01-11T13:58:56.290Z"}}, {"model": "sessions.session", "pk": "ndk3am6ph5o7ipikxru12o7t8ynybpya", "fields": {"session_data": ".eJxVjssKgzAURP_lrkVy8zCPZff9hpDkxmpbtBiFFvHfq-Ci3c6ZOcwKPixz55eSJ98TOECofrMY0iMPB6B7GG5jncZhnvpYH5X6pKW-jpSfl7P7J-hC6fY1l5Yb0TZcGEmcyayMYIgaQzTKaLJkE1MakyTGKDfYZktRobSJGBlxSEsupR8Hn9-vfvqAYxXEcAO37qcdVoAaHN-2L4czQxM:1krnra:DZFkBVqLKXDJqIOgSRdMgiHL1-sZ67dcNA4LsGZ4pfI", "expire_date": "2021-01-05T20:02:30.748Z"}}, {"model": "sessions.session", "pk": "neh985y5wt1npt4hmvmt9dqn7ayuvwoi", "fields": {"session_data": "e30:1kqZZW:6GKhEYfSiGBddqUzjjBMky5-46fvsZDhRB9IoO3R9C8", "expire_date": "2021-01-02T10:34:46.814Z"}}, {"model": "sessions.session", "pk": "ou8efqkfx2ujskhd46993r97emko1ufq", "fields": {"session_data": "eyJzYXZlX2luZm8iOmZhbHNlfQ:1kq0ri:Sryp2txJm7nmDJ0MOGhh6Tat1j0jr_izM5VnMlmBJ5A", "expire_date": "2020-12-31T21:31:14.660Z"}}, {"model": "sessions.session", "pk": "q1irgcmjfalnz0hfgfpyky03rmejv0f9", "fields": {"session_data": "e30:1kq0tQ:nzeqP1_YrXl9rlv0im4dye0d_d57-ViDAG41jfhn-28", "expire_date": "2020-12-31T21:33:00.558Z"}}, {"model": "sessions.session", "pk": "rrj2fr2u86kaylctwypuysqp9m7s36kz", "fields": {"session_data": ".eJxVjkEOgyAURO_CuiEgFIRl9z0D-R8-amswEe3GePdq4sbtvJmX2ViFH4Wh5In5DGOlBwuwLn1YK81hSMwzyW4ZQvxSOUH6QOkmHqeyzAPys8IvWvl7SjS-ru5N0EPtj7VBq4yxT4eURXaRmuiEU0JapTOYlDUSQdNIsGSUbFulEwBKlaLOKOwhReiY346DXu77H_V_Qkk:1kpcmx:Jab1dzieAM4cJ7QMASk8dbwyjEmSJAIJu_GeV0sjoJ4", "expire_date": "2020-12-30T19:48:43.453Z"}}, {"model": "sessions.session", "pk": "t4t36c89fw39fonqpuyhy1ebnsu4t8u4", "fields": {"session_data": ".eJxVjMsOgyAUBf_lrg3hqcCy-34DAS4qbYONaNLG-O-tiYt2e2bObOD8uoxurWl2GcECg-Z3Cz7eUzkA3nwZJhKnssw5kEMhJ63kOmF6XE73LzD6On7fXBquRd9yoSVyKpPSgjLWMR-00h0aNJGqjkWJlGJqWZ8MBsWkiUhRiyNaU615Ki69nnl-g6UNBD-A3YCD5Q0IsGzfP0SzQt8:1kv0sG:B0MY6C52QXIQ_CE5wPrOmm1TAlBVgfvjf8d-XN35_QQ", "expire_date": "2021-01-14T16:32:28.313Z"}}, {"model": "sessions.session", "pk": "usuvd8cca1oyhenmqye54gkb28psquol", "fields": {"session_data": ".eJxVjMsOwiAQRf-FtSEMjxa6dO83EGCmFjVgSptojP-uTbrQ7T3nnhfzYV0mvzaafUY2MGCH3y2GdKWyAbyEcq481bLMOfJN4Ttt_FSRbsfd_QtMoU3ft9ROWjV2UlmNUmgyVgmAHkK0xvbo0CVhekgahUDqYCSH0YB2CQVatUUbtZZr8fS45_nJBvH-ADvQPiM:1ktAAz:SSw--t04Sr2pqJqHMTJh9OEJz5g5SEcJZhSL5ho8Id8", "expire_date": "2021-01-09T14:04:09.497Z"}}, {"model": "sessions.session", "pk": "wdbqsfp67hekhynmj9zuueq8xmqnr0gh", "fields": {"session_data": "e30:1kq0su:7d11HrrzPBC9BfziwqCtAwy9TT9KMghQgSm5fBNgLnc", "expire_date": "2020-12-31T21:32:28.397Z"}}, {"model": "sessions.session", "pk": "wo18j7xid3f8i90x9f2zo2w7fegphxdq", "fields": {"session_data": ".eJxVjMsOwiAUBf-FtSE8W-jSvd9AgHtrUQMNtEZj_Hdt0k23Z-bMhzT_RJfyWMiw1BVPxPl1mdzasLoEZCCcHLbg4x3zBuDm87XQWPJSU6CbQnfa6KUAPs67ewhMvk3_t1BWGDl2QhoFginURjLOe-6D0aYHCzYy3fOogDHAjo9oIWiubAQGRm7Rhq2lkh2-5lTfZGDfHwrBREc:1ksAwx:5vxpTUTHQCNl84mhe0HyoJjbKduApjjhyQOo0mG_U48", "expire_date": "2021-01-06T20:41:35.448Z"}}, {"model": "sessions.session", "pk": "ycbsbb0l3uiejq7hx4tce5yqcsbgbm1n", "fields": {"session_data": ".eJxVjMEOwiAQBf-Fc0MAhZYevfsNZGEXixow0BqN8d-1SQ96fTNvXszBMk9uaVRdQjYyybrfzUO4UF4BniGfCg8lzzV5vip8o40fC9L1sLl_gQna9H33MWpjhIVeKLRCarAovMS9HnqShEKiHHY2GIleGTsEEMYoTYRGg4pijTZqLZXs6HFL9clG0bEGd3Ipx8LGuS70_gDHtkTQ:1kqe4g:y2Io3mnQCgD3qvgwm8Z-t-xqRY8FZzK-3RIsiPOJsJ0", "expire_date": "2021-01-02T15:23:14.834Z"}}, {"model": "sessions.session", "pk": "yh5mgk2j40mxrl3ntsgg4mikfxbjqx1e", "fields": {"session_data": "e30:1kqZf1:Xjgd6STAa4zFzIrOaDTbM1eEPJNasX2K18J4NoFQ0ls", "expire_date": "2021-01-02T10:40:27.814Z"}}, {"model": "sites.site", "pk": 1, "fields": {"domain": "streetartathome.example.com", "name": "Street Art At Home"}}, {"model": "account.emailaddress", "pk": 1, "fields": {"user": 1, "email": "coxstuart@hotmail.com", "verified": true, "primary": true}}, {"model": "account.emailaddress", "pk": 2, "fields": {"user": 1, "email": "coxstuart74@gmail.com", "verified": true, "primary": true}}, {"model": "account.emailaddress", "pk": 3, "fields": {"user": 2, "email": "testemail@test.com", "verified": false, "primary": true}}, {"model": "account.emailaddress", "pk": 4, "fields": {"user": 4, "email": "mickeybetterthanleo@hotmail.com", "verified": false, "primary": true}}, {"model": "account.emailaddress", "pk": 5, "fields": {"user": 5, "email": "test@test.com", "verified": true, "primary": true}}, {"model": "account.emailaddress", "pk": 6, "fields": {"user": 6, "email": "test2@test.com", "verified": false, "primary": true}}, {"model": "account.emailaddress", "pk": 7, "fields": {"user": 7, "email": "test3@test.com", "verified": false, "primary": true}}, {"model": "account.emailaddress", "pk": 8, "fields": {"user": 8, "email": "test10@test10.com", "verified": false, "primary": true}}, {"model": "products.product", "pk": 1, "fields": {"sku": "0001", "name": "Evil Duck", "city": "Paris", "description": "This piece is on the roller shutters of a 11th arrondissement Paris bakery. Believed to have been done in early 2019, this slightly sinister duck appears to be trouble. The photographer took the picture just weeks before the piece was vandalised during summer 2019 and then removed by the bakery owner.", "price_s": "16.99", "price_m": "25.99", "price_l": "39.99", "image_url": "http://0001.jpg", "image": "0001_xI6AThL.jpg"}}, {"model": "products.product", "pk": 2, "fields": {"sku": "0002", "name": "Marilyn", "city": "Los Angeles", "description": "This tribute to Marilyn Monroe was photographed in the city of her birth, LA. The red dress blends perfectly with the brick and wall features to create a bold and outstanding piece.", "price_s": "16.99", "price_m": "25.99", "price_l": "39.99", "image_url": "http://0002.jpg", "image": "0002_2klwCGb.jpg"}}, {"model": "products.product", "pk": 3, "fields": {"sku": "0003", "name": "Current Affairs", "city": "London", "description": "A vibrant piece photographed on an East London wall. A statement of the politics of the artist covering a wide range of issues and putting the views of the artist at the forefront.", "price_s": "16.99", "price_m": "25.99", "price_l": "39.99", "image_url": "http://0003.jpg", "image": "0003_HFN4SiQ.jpg"}}, {"model": "products.product", "pk": 4, "fields": {"sku": "0004", "name": "Watched", "city": "London", "description": "An installation piece on the side of a building in London. The artist is clear and unambiguous as to what the message is- You are being watched!", "price_s": "16.99", "price_m": "25.99", "price_l": "39.99", "image_url": "http://0004.jpg", "image": "0004_Ii35NJ6.jpg"}}, {"model": "products.product", "pk": 5, "fields": {"sku": "0005", "name": "Girl Frisking Soldier", "city": "Bethlehem", "description": "A picture of the classic Banksy mural of 2007.", "price_s": "16.99", "price_m": "25.99", "price_l": "39.99", "image_url": "http://0005.jpg", "image": "0005_hERrdzV.jpg"}}, {"model": "products.product", "pk": 6, "fields": {"sku": "0006", "name": "Have a Heart", "city": "Miami", "description": "A purely fun piece with a 100% intended pun. The photo of the piece balances well with the vibrant colours to the left of the frame, the artist is unknown but this appeared  in downtown Miami in around 2017.", "price_s": "16.99", "price_m": "25.99", "price_l": "39.99", "image_url": "http://0006.jpg", "image": "0006_hTuGRoI.jpg"}}, {"model": "products.product", "pk": 7, "fields": {"sku": "0007", "name": "Olympic Queen", "city": "Rio De Janeiro", "description": "A huge, vibrant and colourful piece created by the Sao Paulo artist Kobra for the 2016 Olympics in Rio De Janeiro. Five stories high and depicts the people of the world with one person with four races.", "price_s": "16.99", "price_m": "25.99", "price_l": "39.99", "image_url": "http://0007.jpg", "image": "0007_Z9JNd6L.jpg"}}, {"model": "products.product", "pk": 8, "fields": {"sku": "0008", "name": "Coolest Street In The World", "city": "Copenhagen", "description": "This side alley in Christiania, Copenhagen has to be one of the most decorated streets on earth. Whilst none of the individual pieces are stunning as standalone pieces the overall effect is a visual masterpiece.", "price_s": "16.99", "price_m": "25.99", "price_l": "39.99", "image_url": "http://0008.jpg", "image": "0008_vzmWtm7.jpg"}}, {"model": "products.product", "pk": 9, "fields": {"sku": "0009", "name": "Cool Nature", "city": "Havana", "description": "This piece in downtown Havana perfectly balances nature with art, the vibrant flowers appear in April through to June and combine with the fantastic weather at that time to create a masterpiece. July to March doesn't see the same vibrancy!", "price_s": "16.99", "price_m": "25.99", "price_l": "35.99", "image_url": "http://0009.jpg", "image": "0009_Sg7hLzD.jpg"}}, {"model": "products.product", "pk": 10, "fields": {"sku": "0010", "name": "Stop!", "city": "New York", "description": "This is one of the most simple but startling pieces. Stencilled onto a red sign the eyes act as a focal point for the piece drawing the viewer in to the picture.", "price_s": "16.99", "price_m": "25.99", "price_l": "39.99", "image_url": "http://0010.jpg", "image": "0010_corGWYN.jpg"}}, {"model": "products.product", "pk": 11, "fields": {"sku": "0011", "name": "Pleading To The Stars", "city": "Buenos Aires", "description": "An enigmatic piece replicated in various districts throughout Buenos Aires. Appeared from 2016 to 2018 with the artist remaining unknown.", "price_s": "16.99", "price_m": "25.99", "price_l": "39.99", "image_url": "http://0011.jpg", "image": "0011_mEU93b8.jpg"}}, {"model": "products.product", "pk": 12, "fields": {"sku": "0012", "name": "Flutter", "city": "San Francisco", "description": "A whimsical piece with bright colourful images set against the beautiful blue background of the sky. Seems to turn what would ordinarily be a mundane industrial unit into a more magical kingdom.", "price_s": "16.99", "price_m": "25.99", "price_l": "39.99", "image_url": "http://0012.jpg", "image": "0012_Kg0U4Lp.jpg"}}, {"model": "products.product", "pk": 13, "fields": {"sku": "0013", "name": "Fruit", "city": "Zurich", "description": "A colourful lively piece at odds with the more traditional and grand surroundings of Zurich. Evokes a more tropical surrounding than it's position and can serve to brighten up any space.", "price_s": "16.99", "price_m": "25.99", "price_l": "39.99", "image_url": "http://0013.jpg", "image": "0013_HKAELKp.jpg"}}, {"model": "products.product", "pk": 14, "fields": {"sku": "0014", "name": "City Of Dreams", "city": "Los Angeles", "description": "A most appropriately named piece for LA. Painted on the side of a Silver Lake block and has been a neighbourhood ever=present since 2012.", "price_s": "16.99", "price_m": "25.99", "price_l": "39.99", "image_url": "http://0014.jpg", "image": "0014_w4THHQI.jpg"}}, {"model": "products.product", "pk": 15, "fields": {"sku": "0015", "name": "Portal", "city": "Turin", "description": "An unusual piece in the Barriera di Milano district of Turin, appeared in late 2018 by an unknown artist and draws the viewer in to the centre with more questions than answers as to who, what and why.", "price_s": "16.99", "price_m": "25.99", "price_l": "39.99", "image_url": "http://0015.jpg", "image": "0015_MX9YoZw.jpg"}}, {"model": "products.product", "pk": 16, "fields": {"sku": "0016", "name": "Peace Vader", "city": "Mumbai", "description": "With no-one quite sure if this is meant to be Yeti or a bloated chilled Darth Vader the message is one of relaxation and calm. The harsh concrete background only adds to the contradictions.", "price_s": "16.99", "price_m": "25.99", "price_l": "39.99", "image_url": "http://0016.jpg", "image": "0016_2eOpK5w.jpg"}}, {"model": "products.product", "pk": 17, "fields": {"sku": "0017", "name": "Taking The Mickey", "city": "Paris", "description": "Very much in the style of Banksy, but done by someone else (unknown). This piece appeared in late 2018 on the side of a Paris Chinatown building.", "price_s": "16.99", "price_m": "25.99", "price_l": "39.99", "image_url": "http://0017.jpg", "image": "0017_ZqqBx8P.jpg"}}, {"model": "products.product", "pk": 18, "fields": {"sku": "0018", "name": "Crossroads", "city": "Istanbul", "description": "This piece reflects the crossroads of the city that is Istanbul and shows parts of Africa, Asia  Europe.", "price_s": "16.99", "price_m": "25.99", "price_l": "39.99", "image_url": "http://0018.jpg", "image": "0018_1HdqXug.jpg"}}, {"model": "products.product", "pk": 19, "fields": {"sku": "0019", "name": "Raptor 30", "city": "Toronto", "description": "One for the basketball fans, paying homage (or not) to Stephen Curry", "price_s": "16.99", "price_m": "25.99", "price_l": "39.99", "image_url": "http://0019.jpg", "image": "0019_v7vdm8R.jpg"}}, {"model": "products.product", "pk": 20, "fields": {"sku": "0020", "name": "(Un)Certainty", "city": "Hamburg", "description": "Borrowing from the John Allen Paulos quote, this piece on the side of an industrial building in St Pauli, Hamburg gives a vibrancy of colour and multitude of things happening to draw you in again and again.", "price_s": "16.99", "price_m": "25.99", "price_l": "39.99", "image_url": "http://0020.jpg", "image": "0020_3yJXsEo.jpg"}}, {"model": "products.product", "pk": 21, "fields": {"sku": "0021", "name": "Writing On The Wall (floor)", "city": "Copenhagen", "description": "This simple stencilled piece has a huge range of colours in comparison to the size and complexity and sends a message of positivity to wherever it is displayed.", "price_s": "16.99", "price_m": "25.99", "price_l": "39.99", "image_url": "http://0021.JPG", "image": "0021_cRNaw7b.jpg"}}, {"model": "products.product", "pk": 22, "fields": {"sku": "0022", "name": "Transitor Resistor", "city": "Prague", "description": "This simplest of pieces harks back to the 80's in style and substance. Sprayed on to the side of Prague City Hall in 2018 it is a clean, stylish and simple piece.", "price_s": "16.99", "price_m": "25.99", "price_l": "39.99", "image_url": "http://0022.jpg", "image": "0022_AwFv0ge.jpg"}}, {"model": "products.product", "pk": 23, "fields": {"sku": "0023", "name": "Petit Palomar", "city": "Valencia", "description": "A joyful piece that greets those who stay at the Petit Palomar in Valencia, close to the Barrio Del Carmen. This image shows a resident walking in step with the background perfectly.", "price_s": "16.99", "price_m": "25.99", "price_l": "39.90", "image_url": "http://0023.jpg", "image": "0023_kJJEfWE.jpg"}}, {"model": "products.product", "pk": 24, "fields": {"sku": "0034", "name": "Bound In Colour", "city": "New York", "description": "A vivid piece more at home in a gallery than on the the side of a building. Painted in a gallery by the artist Monro on 2017 and relocated outdoors behind glass in 2018.", "price_s": "16.99", "price_m": "25.99", "price_l": "39.99", "image_url": "http://0034.jpg", "image": "0034.jpg"}}, {"model": "products.product", "pk": 25, "fields": {"sku": "0024", "name": "Baby Face", "city": "Miami", "description": "This fun loving piece would add a splash of colour to any wall as it did to this Wynwood wall in 2016. Responsibility for it was claimed by the My-Am-Me collective but this has never been verified.", "price_s": "16.99", "price_m": "25.99", "price_l": "39.99", "image_url": "http://0024.jpg", "image": "0024.jpg"}}, {"model": "products.product", "pk": 26, "fields": {"sku": "0025", "name": "Parking People", "city": "Sydney", "description": "A simple piece in yellow, black and white against the blue background shows a variety of people doing all things and basically going about their everyday lives. Image taken in a nothing to note back-street of Glebe and created by an unknown artist.", "price_s": "16.99", "price_m": "25.99", "price_l": "39.99", "image_url": "http://0025.jpg", "image": "0025.jpg"}}, {"model": "products.product", "pk": 27, "fields": {"sku": "0026", "name": "The Simplest Question", "city": "New York", "description": "This Queens image of Richard Pryor asking a simple but currently unanswered question. The hyper-realism of the hero's image shows the skill of the artist.", "price_s": "16.99", "price_m": "25.99", "price_l": "39.99", "image_url": "http://0026.jpg", "image": "0026.jpg"}}, {"model": "products.product", "pk": 28, "fields": {"sku": "0027", "name": "Serenity", "city": "Paris", "description": "The original is painted on the famous Rue Saint-Blaise in Paris. A building-sized piece with a multitude of things happening but the central theme of her calmness remains ever-present despite everything else happening.", "price_s": "16.99", "price_m": "25.99", "price_l": "39.99", "image_url": "http://0027.jpg", "image": "0027.jpg"}}, {"model": "products.product", "pk": 29, "fields": {"sku": "0035", "name": "Submersive Philosopher", "city": "Prague", "description": "This small piece on the side of a non-descript Prague building was created in 2014. Just the size of a standard wall tile, it has humour and serious-ness at the same time with the viewer never sure as to which one prevails.", "price_s": "16.99", "price_m": "25.99", "price_l": "39.99", "image_url": "http://0035.jpg", "image": "0035.jpg"}}, {"model": "products.product", "pk": 30, "fields": {"sku": "0036", "name": "Old School", "city": "Lisbon", "description": "Our most old school piece, harking back to 80's New York and the birthplace of street art. Deep reds contrasting with colder blue giving an explosion of colour and a piece not for the shy.", "price_s": "16.99", "price_m": "25.99", "price_l": "39.99", "image_url": "http://0036.jpg", "image": "0036.jpg"}}, {"model": "products.product", "pk": 32, "fields": {"sku": "0038", "name": "Strive", "city": "Chicago", "description": "With colours not out of place in a warner climate, this Chicago iconic piece seems out of place with the city but still gives an impact to this day.", "price_s": "16.99", "price_m": "25.99", "price_l": "39.99", "image_url": "http://0038.jpg", "image": "0038.jpg"}}, {"model": "products.product", "pk": 33, "fields": {"sku": "0039", "name": "Yes!", "city": "Berlin", "description": "With an explosion of colour bursting out at the top, this piece is truly one of two halves. The drab concrete bottom half is at total odds with the vibrancy of the top half and never seems to try to even reconcile.", "price_s": "16.99", "price_m": "25.99", "price_l": "39.99", "image_url": "http://0039.jpg", "image": "0039.jfif"}}, {"model": "products.product", "pk": 34, "fields": {"sku": "0037", "name": "Wistful", "city": "London", "description": "This ethereal piece with a local woman in the foreground  uses a range of blue, purple and dark pink to create a moody image with an undertone of darkness.", "price_s": "16.99", "price_m": "25.99", "price_l": "39.99", "image_url": "http://0037.jpg", "image": "0037_Da2TUR5.jpg"}}, {"model": "checkout.order", "pk": 17, "fields": {"order_number": "CBC2301ADE4F4C45907D344EBD6A7A57", "user_profile": null, "full_name": "Stuart Cox", "email": "coxstuart@hotmail.com", "phone_number": "07521711042", "town_or_city": "Eastleigh", "street_address1": "20 Avonborne Way", "street_address2": "North Millers Dale", "county": null, "postcode": "SO53 1TF", "country": "United Kingdom", "date": "2020-12-14T16:21:24.250Z", "total": "0.00", "original_bag": "", "stripe_pid": ""}}, {"model": "checkout.order", "pk": 18, "fields": {"order_number": "CA36EC73129743898CA2A945B90F298C", "user_profile": null, "full_name": "Stuart Cox", "email": "coxstuart@hotmail.com", "phone_number": "07521711042", "town_or_city": "Eastleigh", "street_address1": "20 Avonborne Way", "street_address2": "North Millers Dale", "county": null, "postcode": "SO53 1TF", "country": "United Kingdom", "date": "2020-12-14T16:30:45.496Z", "total": "0.00", "original_bag": "", "stripe_pid": ""}}, {"model": "checkout.order", "pk": 19, "fields": {"order_number": "E5749008394745B68A335BF46A7C8992", "user_profile": null, "full_name": "Stuart Cox", "email": "coxstuart@hotmail.com", "phone_number": "07521711042", "town_or_city": "Eastleigh", "street_address1": "20 Avonborne Way", "street_address2": "North Millers Dale", "county": null, "postcode": "SO53 1TF", "country": "United Kingdom", "date": "2020-12-14T16:31:40.334Z", "total": "0.00", "original_bag": "", "stripe_pid": ""}}, {"model": "checkout.order", "pk": 20, "fields": {"order_number": "6E9C1F7F0DDB477BAD8F150F08A2364F", "user_profile": null, "full_name": "Stuart Cox", "email": "coxstuart@hotmail.com", "phone_number": "07521711042", "town_or_city": "Eastleigh", "street_address1": "20 Avonborne Way", "street_address2": "North Millers Dale", "county": null, "postcode": "SO53 1TF", "country": "United Kingdom", "date": "2020-12-14T16:38:06.486Z", "total": "0.00", "original_bag": "", "stripe_pid": ""}}, {"model": "checkout.order", "pk": 21, "fields": {"order_number": "E1C89E5DF2A145CFA1C7221662436F21", "user_profile": null, "full_name": "Stuart Cox", "email": "coxstuart@hotmail.com", "phone_number": "07521711042", "town_or_city": "Eastleigh", "street_address1": "20 Avonborne Way", "street_address2": "North Millers Dale", "county": null, "postcode": "SO53 1TF", "country": "United Kingdom", "date": "2020-12-14T16:42:44.438Z", "total": "0.00", "original_bag": "", "stripe_pid": ""}}, {"model": "checkout.order", "pk": 22, "fields": {"order_number": "A335F09FD1464977AE3B799684E0BDE9", "user_profile": null, "full_name": "Stuart Cox", "email": "coxstuart@hotmail.com", "phone_number": "07521711042", "town_or_city": "Eastleigh", "street_address1": "20 Avonborne Way", "street_address2": "North Millers Dale", "county": null, "postcode": "SO53 1TF", "country": "United Kingdom", "date": "2020-12-14T16:49:34.897Z", "total": "0.00", "original_bag": "", "stripe_pid": ""}}, {"model": "checkout.order", "pk": 23, "fields": {"order_number": "3416EF962F0A442C9905993E0D2805E3", "user_profile": null, "full_name": "Stuart Cox", "email": "coxstuart@hotmail.com", "phone_number": "07521711042", "town_or_city": "Eastleigh", "street_address1": "20 Avonborne Way", "street_address2": "North Millers Dale", "county": null, "postcode": "SO53 1TF", "country": "United Kingdom", "date": "2020-12-14T16:57:15.167Z", "total": "0.00", "original_bag": "", "stripe_pid": ""}}, {"model": "checkout.order", "pk": 24, "fields": {"order_number": "11356EE5332B40F49301A246198842D9", "user_profile": null, "full_name": "Stuart Cox", "email": "coxstuart@hotmail.com", "phone_number": "07521711042", "town_or_city": "Eastleigh", "street_address1": "20 Avonborne Way", "street_address2": "North Millers Dale", "county": null, "postcode": "SO53 1TF", "country": "United Kingdom", "date": "2020-12-14T19:10:03.916Z", "total": "0.00", "original_bag": "", "stripe_pid": ""}}, {"model": "checkout.order", "pk": 25, "fields": {"order_number": "1F7AA649A9E044F1B87C023D787DD0D8", "user_profile": null, "full_name": "Stuart Cox", "email": "coxstuart@hotmail.com", "phone_number": "07521711042", "town_or_city": "Eastleigh", "street_address1": "20 Avonborne Way", "street_address2": "North Millers Dale", "county": null, "postcode": "SO53 1TF", "country": "United Kingdom", "date": "2020-12-14T19:17:52.534Z", "total": "0.00", "original_bag": "", "stripe_pid": ""}}, {"model": "checkout.order", "pk": 26, "fields": {"order_number": "B38756EA11A34544AD5ED80A517FF3FF", "user_profile": null, "full_name": "Stuart Cox", "email": "coxstuart@hotmail.com", "phone_number": "07521711042", "town_or_city": "Eastleigh", "street_address1": "20 Avonborne Way", "street_address2": "North Millers Dale", "county": null, "postcode": "SO53 1TF", "country": "United Kingdom", "date": "2020-12-14T19:34:55.236Z", "total": "0.00", "original_bag": "", "stripe_pid": ""}}, {"model": "checkout.order", "pk": 27, "fields": {"order_number": "41E48A4AF5974E768B9F72EEAB0616E9", "user_profile": null, "full_name": "Stuart Cox", "email": "coxstuart@hotmail.com", "phone_number": "07521711042", "town_or_city": "Eastleigh", "street_address1": "20 Avonborne Way", "street_address2": "North Millers Dale", "county": null, "postcode": "SO53 1TF", "country": "United Kingdom", "date": "2020-12-14T19:37:05.660Z", "total": "0.00", "original_bag": "", "stripe_pid": ""}}, {"model": "checkout.order", "pk": 28, "fields": {"order_number": "31E1F3ECD71345959A6FEB7C795D3FE6", "user_profile": null, "full_name": "Stuart Cox", "email": "coxstuart@hotmail.com", "phone_number": "07521711042", "town_or_city": "Eastleigh", "street_address1": "20 Avonborne Way", "street_address2": "North Millers Dale", "county": null, "postcode": "SO53 1TF", "country": "United Kingdom", "date": "2020-12-14T19:46:43.202Z", "total": "0.00", "original_bag": "", "stripe_pid": ""}}, {"model": "checkout.order", "pk": 29, "fields": {"order_number": "EDADFCFE11944B44BA9AF6067906DF77", "user_profile": null, "full_name": "Stuart Cox", "email": "coxstuart@hotmail.com", "phone_number": "07521711042", "town_or_city": "Eastleigh", "street_address1": "20 Avonborne Way", "street_address2": "North Millers Dale", "county": null, "postcode": "SO53 1TF", "country": "United Kingdom", "date": "2020-12-14T19:52:01.723Z", "total": "0.00", "original_bag": "", "stripe_pid": ""}}, {"model": "checkout.order", "pk": 30, "fields": {"order_number": "675FFDC9BF42451F85F8B5A4CA4089DC", "user_profile": null, "full_name": "Stuart Cox", "email": "coxstuart@hotmail.com", "phone_number": "07521711042", "town_or_city": "Eastleigh", "street_address1": "20 Avonborne Way", "street_address2": "North Millers Dale", "county": null, "postcode": "SO53 1TF", "country": "United Kingdom", "date": "2020-12-15T16:29:04.197Z", "total": "0.00", "original_bag": "", "stripe_pid": ""}}, {"model": "checkout.order", "pk": 31, "fields": {"order_number": "9FB0FDD0D5014FF4A30B47DA8A2363FC", "user_profile": null, "full_name": "Stuart Cox", "email": "coxstuart@hotmail.com", "phone_number": "07521711042", "town_or_city": "Eastleigh", "street_address1": "20 Avonborne Way", "street_address2": "North Millers Dale", "county": "nowhere", "postcode": "SO53 1TF", "country": "United Kingdom", "date": "2020-12-15T16:36:05.860Z", "total": "0.00", "original_bag": "", "stripe_pid": ""}}, {"model": "checkout.order", "pk": 32, "fields": {"order_number": "B8A3303AB4C54C59B33F2D3BD1F52491", "user_profile": null, "full_name": "Stuart Cox", "email": "coxstuart@hotmail.com", "phone_number": "07521711042", "town_or_city": "Eastleigh", "street_address1": "20 Avonborne Way", "street_address2": "North Millers Dale", "county": "nowhere", "postcode": "SO53 1TF", "country": "United Kingdom", "date": "2020-12-15T16:39:35.662Z", "total": "0.00", "original_bag": "", "stripe_pid": ""}}, {"model": "checkout.order", "pk": 33, "fields": {"order_number": "EAC9DE69EE944FE9BDFE21EC7813007B", "user_profile": null, "full_name": "Stuart Cox", "email": "coxstuart@hotmail.com", "phone_number": "07521711042", "town_or_city": "Eastleigh", "street_address1": "20 Avonborne Way", "street_address2": "North Millers Dale", "county": "nowhere", "postcode": "SO53 1TF", "country": "United Kingdom", "date": "2020-12-15T16:52:43.944Z", "total": "0.00", "original_bag": "", "stripe_pid": ""}}, {"model": "checkout.order", "pk": 34, "fields": {"order_number": "5CD39B3B1EED44BB954C27277F56F08F", "user_profile": null, "full_name": "Stuart Cox", "email": "coxstuart@hotmail.com", "phone_number": "07521711042", "town_or_city": "Eastleigh", "street_address1": "20 Avonborne Way", "street_address2": "North Millers Dale", "county": "Hampshire", "postcode": "SO53 1TF", "country": "United Kingdom", "date": "2020-12-15T16:56:41.928Z", "total": "0.00", "original_bag": "", "stripe_pid": ""}}, {"model": "checkout.order", "pk": 35, "fields": {"order_number": "0CA103AE69C945F2BA5D8552154578BF", "user_profile": null, "full_name": "Stuart Cox", "email": "coxstuart@hotmail.com", "phone_number": "07521711042", "town_or_city": "Eastleigh", "street_address1": "20 Avonborne Way", "street_address2": "North Millers Dale", "county": "Hampshire", "postcode": "SO53 1TF", "country": "United Kingdom", "date": "2020-12-15T16:58:01.753Z", "total": "0.00", "original_bag": "", "stripe_pid": ""}}, {"model": "checkout.order", "pk": 36, "fields": {"order_number": "DBD5A8B9085C444B90BE19635CDC5579", "user_profile": null, "full_name": "Stuart Cox", "email": "coxstuart@hotmail.com", "phone_number": "07521711042", "town_or_city": "Eastleigh", "street_address1": "20 Avonborne Way", "street_address2": "North Millers Dale", "county": "Hampshire", "postcode": "SO53 1TF", "country": "United Kingdom", "date": "2020-12-15T19:02:30.737Z", "total": "0.00", "original_bag": "", "stripe_pid": ""}}, {"model": "checkout.order", "pk": 37, "fields": {"order_number": "E3FA0BA0F1CB4C769973E5CF0258396C", "user_profile": null, "full_name": "Stuart Cox", "email": "coxstuart@hotmail.com", "phone_number": "07521711042", "town_or_city": "Eastleigh", "street_address1": "20 Avonborne Way", "street_address2": "North Millers Dale", "county": "nowhere", "postcode": "SO53 1TF", "country": "United Kingdom", "date": "2020-12-15T19:08:28.336Z", "total": "0.00", "original_bag": "", "stripe_pid": ""}}, {"model": "checkout.order", "pk": 38, "fields": {"order_number": "E31A734DADE14729B15439B53C039F80", "user_profile": null, "full_name": "Stuart Cox", "email": "coxstuart@hotmail.com", "phone_number": "07521711042", "town_or_city": "Eastleigh", "street_address1": "20 Avonborne Way", "street_address2": "North Millers Dale", "county": "nowhere", "postcode": "SO53 1TF", "country": "United Kingdom", "date": "2020-12-15T19:11:34.657Z", "total": "0.00", "original_bag": "", "stripe_pid": ""}}, {"model": "checkout.order", "pk": 39, "fields": {"order_number": "17A0924531D84130BC125C0CCCB07205", "user_profile": null, "full_name": "Stuart Cox", "email": "coxstuart@hotmail.com", "phone_number": "07521711042", "town_or_city": "Eastleigh", "street_address1": "20 Avonborne Way", "street_address2": "North Millers Dale", "county": "Hampshire", "postcode": "SO53 1TF", "country": "United Kingdom", "date": "2020-12-15T19:15:04.657Z", "total": "0.00", "original_bag": "", "stripe_pid": ""}}, {"model": "checkout.order", "pk": 40, "fields": {"order_number": "FA13847EB7A84967BA4868B7870D90C6", "user_profile": null, "full_name": "Stuart Cox", "email": "coxstuart@hotmail.com", "phone_number": "07521711042", "town_or_city": "Eastleigh", "street_address1": "20 Avonborne Way", "street_address2": "North Millers Dale", "county": "nowhere", "postcode": "SO53 1TF", "country": "United Kingdom", "date": "2020-12-15T19:24:02.946Z", "total": "0.00", "original_bag": "", "stripe_pid": ""}}, {"model": "checkout.order", "pk": 41, "fields": {"order_number": "E8492E4B4D3A46658281237CF560D366", "user_profile": null, "full_name": "Stuart Cox", "email": "coxstuart@hotmail.com", "phone_number": "07521711042", "town_or_city": "Eastleigh", "street_address1": "20 Avonborne Way", "street_address2": "North Millers Dale", "county": "nowhere", "postcode": "SO53 1TF", "country": "United Kingdom", "date": "2020-12-15T19:30:03.231Z", "total": "0.00", "original_bag": "", "stripe_pid": ""}}, {"model": "checkout.order", "pk": 42, "fields": {"order_number": "530AE1A0F4F649B6BAAEAB5643954A40", "user_profile": null, "full_name": "Stuart Cox", "email": "coxstuart@hotmail.com", "phone_number": "07521711042", "town_or_city": "Eastleigh", "street_address1": "20 Avonborne Way", "street_address2": "North Millers Dale", "county": "nowhere", "postcode": "SO53 1TF", "country": "United Kingdom", "date": "2020-12-15T19:41:21.494Z", "total": "0.00", "original_bag": "", "stripe_pid": ""}}, {"model": "checkout.order", "pk": 43, "fields": {"order_number": "1EB4C2CDA25649F69715F8D55C64579D", "user_profile": null, "full_name": "Stuart Cox", "email": "coxstuart@hotmail.com", "phone_number": "07521711042", "town_or_city": "Eastleigh", "street_address1": "20 Avonborne Way", "street_address2": "North Millers Dale", "county": "nowhere", "postcode": "SO53 1TF", "country": "United Kingdom", "date": "2020-12-15T19:42:25.060Z", "total": "0.00", "original_bag": "", "stripe_pid": ""}}, {"model": "checkout.order", "pk": 44, "fields": {"order_number": "093A0FFAA8A04B8A912BAF0D5292AA07", "user_profile": null, "full_name": "Stuart Cox", "email": "coxstuart@hotmail.com", "phone_number": "07521711042", "town_or_city": "Eastleigh", "street_address1": "20 Avonborne Way", "street_address2": "North Millers Dale", "county": "nowhere", "postcode": "SO53 1TF", "country": "United Kingdom", "date": "2020-12-15T19:50:47.214Z", "total": "0.00", "original_bag": "", "stripe_pid": ""}}, {"model": "checkout.order", "pk": 45, "fields": {"order_number": "4167A9BE78174454A01A7B83BB33F4A6", "user_profile": null, "full_name": "Stuart Cox", "email": "coxstuart@hotmail.com", "phone_number": "07521711042", "town_or_city": "Eastleigh", "street_address1": "20 Avonborne Way", "street_address2": "North Millers Dale", "county": "nowhere", "postcode": "SO53 1TF", "country": "United Kingdom", "date": "2020-12-15T19:53:32.899Z", "total": "0.00", "original_bag": "", "stripe_pid": ""}}, {"model": "checkout.order", "pk": 46, "fields": {"order_number": "50032EFEAB2B44FB99B326BD0E42CCC4", "user_profile": null, "full_name": "Stuart Cox", "email": "coxstuart@hotmail.com", "phone_number": "07521711042", "town_or_city": "Eastleigh", "street_address1": "20 Avonborne Way", "street_address2": "North Millers Dale", "county": "nowhere", "postcode": "SO53 1TF", "country": "United Kingdom", "date": "2020-12-15T20:02:29.057Z", "total": "0.00", "original_bag": "", "stripe_pid": ""}}, {"model": "checkout.order", "pk": 47, "fields": {"order_number": "D58B00ABB800486FA7D368FEA44955E0", "user_profile": null, "full_name": "Stuart Cox", "email": "coxstuart@hotmail.com", "phone_number": "07521711042", "town_or_city": "Eastleigh", "street_address1": "20 Avonborne Way", "street_address2": "North Millers Dale", "county": "nowhere", "postcode": "SO53 1TF", "country": "United Kingdom", "date": "2020-12-15T20:05:44.642Z", "total": "0.00", "original_bag": "", "stripe_pid": ""}}, {"model": "checkout.order", "pk": 48, "fields": {"order_number": "CE24E21C447349C4B67BF0A44A4388A6", "user_profile": null, "full_name": "Stuart Cox", "email": "coxstuart@hotmail.com", "phone_number": "07521711042", "town_or_city": "Eastleigh", "street_address1": "20 Avonborne Way", "street_address2": "North Millers Dale", "county": "nowhere", "postcode": "SO53 1TF", "country": "United Kingdom", "date": "2020-12-15T20:09:26.513Z", "total": "0.00", "original_bag": "", "stripe_pid": ""}}, {"model": "checkout.order", "pk": 49, "fields": {"order_number": "E9C6923E557A44E6A8359AAF345F7ADA", "user_profile": null, "full_name": "Stuart Cox", "email": "coxstuart@hotmail.com", "phone_number": "07521711042", "town_or_city": "Eastleigh", "street_address1": "20 Avonborne Way", "street_address2": "North Millers Dale", "county": "nowhere", "postcode": "SO53 1TF", "country": "United Kingdom", "date": "2020-12-15T20:20:49.933Z", "total": "0.00", "original_bag": "", "stripe_pid": ""}}, {"model": "checkout.order", "pk": 50, "fields": {"order_number": "8A9924E89522470B97741478F3E04470", "user_profile": null, "full_name": "Stuart Cox", "email": "coxstuart@hotmail.com", "phone_number": "07521711042", "town_or_city": "Eastleigh", "street_address1": "20 Avonborne Way", "street_address2": "North Millers Dale", "county": "nowhere", "postcode": "SO53 1TF", "country": "United Kingdom", "date": "2020-12-15T20:27:22.595Z", "total": "0.00", "original_bag": "", "stripe_pid": ""}}, {"model": "checkout.order", "pk": 51, "fields": {"order_number": "5C6677BBAB29451C93DA0B066CD5C89B", "user_profile": null, "full_name": "Stuart Cox", "email": "coxstuart@hotmail.com", "phone_number": "07521711042", "town_or_city": "Eastleigh", "street_address1": "20 Avonborne Way", "street_address2": "North Millers Dale", "county": "nowhere", "postcode": "SO53 1TF", "country": "United Kingdom", "date": "2020-12-15T20:28:13.404Z", "total": "0.00", "original_bag": "", "stripe_pid": ""}}, {"model": "checkout.order", "pk": 52, "fields": {"order_number": "0C58E08F200F40ABB1B2DF0FE68427B8", "user_profile": null, "full_name": "Stuart Cox", "email": "coxstuart@hotmail.com", "phone_number": "07521711042", "town_or_city": "Eastleigh", "street_address1": "20 Avonborne Way", "street_address2": "North Millers Dale", "county": "nowhere", "postcode": "SO53 1TF", "country": "United Kingdom", "date": "2020-12-15T20:29:02.047Z", "total": "0.00", "original_bag": "", "stripe_pid": ""}}, {"model": "checkout.order", "pk": 53, "fields": {"order_number": "3A7104CBE21B4C0188A33A02C80629C1", "user_profile": null, "full_name": "Stuart Cox", "email": "coxstuart@hotmail.com", "phone_number": "07521711042", "town_or_city": "Eastleigh", "street_address1": "20 Avonborne Way", "street_address2": "North Millers Dale", "county": "nowhere", "postcode": "SO53 1TF", "country": "United Kingdom", "date": "2020-12-15T20:35:02.683Z", "total": "0.00", "original_bag": "", "stripe_pid": ""}}, {"model": "checkout.order", "pk": 54, "fields": {"order_number": "1855034CFC9545009D835E3A7CA07427", "user_profile": null, "full_name": "Stuart Cox", "email": "coxstuart@hotmail.com", "phone_number": "07521711042", "town_or_city": "Eastleigh", "street_address1": "20 Avonborne Way", "street_address2": "North Millers Dale", "county": "nowhere", "postcode": "SO53 1TF", "country": "United Kingdom", "date": "2020-12-15T20:36:24.949Z", "total": "0.00", "original_bag": "", "stripe_pid": ""}}, {"model": "checkout.order", "pk": 55, "fields": {"order_number": "EA67A01FAADF406090BC00FA908C18CB", "user_profile": null, "full_name": "Stuart Cox", "email": "coxstuart@hotmail.com", "phone_number": "07521711042", "town_or_city": "Eastleigh", "street_address1": "20 Avonborne Way", "street_address2": "North Millers Dale", "county": "nowhere", "postcode": "SO53 1TF", "country": "United Kingdom", "date": "2020-12-15T20:37:37.295Z", "total": "0.00", "original_bag": "", "stripe_pid": ""}}, {"model": "checkout.order", "pk": 56, "fields": {"order_number": "0452D88B90D54B5887979A02220E6E42", "user_profile": null, "full_name": "Stuart Cox", "email": "coxstuart@hotmail.com", "phone_number": "07521711042", "town_or_city": "Eastleigh", "street_address1": "20 Avonborne Way", "street_address2": "North Millers Dale", "county": "nowhere", "postcode": "SO53 1TF", "country": "United Kingdom", "date": "2020-12-15T20:39:05.034Z", "total": "0.00", "original_bag": "", "stripe_pid": ""}}, {"model": "checkout.order", "pk": 57, "fields": {"order_number": "B7E37B1CCAB04249A1D92B3AF76191A4", "user_profile": null, "full_name": "Stuart Cox", "email": "coxstuart@hotmail.com", "phone_number": "07521711042", "town_or_city": "Eastleigh", "street_address1": "20 Avonborne Way", "street_address2": "North Millers Dale", "county": "nowhere", "postcode": "SO53 1TF", "country": "United Kingdom", "date": "2020-12-15T21:15:48.459Z", "total": "0.00", "original_bag": "", "stripe_pid": ""}}, {"model": "checkout.order", "pk": 58, "fields": {"order_number": "7DCEC3EBDC0449268634CBD7C359D5C1", "user_profile": null, "full_name": "Stuart Cox", "email": "coxstuart@hotmail.com", "phone_number": "07521711042", "town_or_city": "Eastleigh", "street_address1": "20 Avonborne Way", "street_address2": "North Millers Dale", "county": "nowhere", "postcode": "SO53 1TF", "country": "United Kingdom", "date": "2020-12-15T21:20:09.787Z", "total": "0.00", "original_bag": "", "stripe_pid": ""}}, {"model": "checkout.order", "pk": 59, "fields": {"order_number": "C3F4B366FADA4706AA0CB30336D8EA46", "user_profile": null, "full_name": "Stuart Cox", "email": "coxstuart@hotmail.com", "phone_number": "07521711042", "town_or_city": "Eastleigh", "street_address1": "20 Avonborne Way", "street_address2": "North Millers Dale", "county": "nowhere", "postcode": "SO53 1TF", "country": "United Kingdom", "date": "2020-12-15T21:27:52.877Z", "total": "0.00", "original_bag": "", "stripe_pid": ""}}, {"model": "checkout.order", "pk": 60, "fields": {"order_number": "01B48526D864411FA2C44B9FCAEBBE5C", "user_profile": null, "full_name": "Stuart Cox", "email": "coxstuart@hotmail.com", "phone_number": "07521711042", "town_or_city": "Eastleigh", "street_address1": "20 Avonborne Way", "street_address2": "North Millers Dale", "county": "nowhere", "postcode": "SO53 1TF", "country": "United Kingdom", "date": "2020-12-15T21:35:04.581Z", "total": "39.99", "original_bag": "", "stripe_pid": ""}}, {"model": "checkout.order", "pk": 61, "fields": {"order_number": "3C5CEDE3F409417C954650E5BCF96C17", "user_profile": null, "full_name": "Stuart Cox", "email": "coxstuart@hotmail.com", "phone_number": "07521711042", "town_or_city": "Eastleigh", "street_address1": "20 Avonborne Way", "street_address2": "North Millers Dale", "county": "Hampshire", "postcode": "SO53 1TF", "country": "United Kingdom", "date": "2020-12-15T21:37:47.254Z", "total": "119.97", "original_bag": "", "stripe_pid": ""}}, {"model": "checkout.order", "pk": 62, "fields": {"order_number": "ABCF03C4173F485785FD9E93F02EDE46", "user_profile": null, "full_name": "Stuart Cox", "email": "coxstuart@hotmail.com", "phone_number": "07521711042", "town_or_city": "Eastleigh", "street_address1": "20 Avonborne Way", "street_address2": null, "county": "UK", "postcode": "SO53 1TF", "country": "UK", "date": "2020-12-16T19:39:28.635Z", "total": "199.95", "original_bag": "", "stripe_pid": ""}}, {"model": "checkout.order", "pk": 63, "fields": {"order_number": "3961BFB3BEE94D72B0E18BB7EF4FEB65", "user_profile": null, "full_name": "Stuart Cox", "email": "coxstuart@hotmail.com", "phone_number": "07521711042", "town_or_city": "Eastleigh", "street_address1": "20 Avonborne Way", "street_address2": null, "county": "Hampshire", "postcode": "SO53 1TF", "country": "UK", "date": "2020-12-16T19:44:16.070Z", "total": "119.97", "original_bag": "", "stripe_pid": ""}}, {"model": "checkout.order", "pk": 64, "fields": {"order_number": "057255906DF14D119376EB9AEC175A19", "user_profile": null, "full_name": "Stuart Cox", "email": "coxstuart@hotmail.com", "phone_number": "07521711042", "town_or_city": "Eastleigh", "street_address1": "20 Avonborne Way", "street_address2": "North Millers Dale", "county": "nowhere", "postcode": "SO53 1TF", "country": "United Kingdom", "date": "2020-12-17T16:56:25.036Z", "total": "39.99", "original_bag": "", "stripe_pid": ""}}, {"model": "checkout.order", "pk": 65, "fields": {"order_number": "CF0E55C4881946339028CCEEE629D224", "user_profile": null, "full_name": "Stuart Cox", "email": "coxstuart@hotmail.com", "phone_number": "07521711042", "town_or_city": "Eastleigh", "street_address1": "20 Avonborne Way", "street_address2": "North Millers Dale", "county": "nowhere", "postcode": "SO53 1TF", "country": "United Kingdom", "date": "2020-12-17T17:12:25.798Z", "total": "39.99", "original_bag": "", "stripe_pid": ""}}, {"model": "checkout.order", "pk": 66, "fields": {"order_number": "A6D40AE7D1E648BF9CE1BD01CA3EADE8", "user_profile": null, "full_name": "Stuart Cox", "email": "coxstuart@hotmail.com", "phone_number": "07521711042", "town_or_city": "Eastleigh", "street_address1": "20 Avonborne Way", "street_address2": "North Millers Dale", "county": "nowhere", "postcode": "SO53 1TF", "country": "United Kingdom", "date": "2020-12-17T17:16:18.905Z", "total": "39.99", "original_bag": "", "stripe_pid": ""}}, {"model": "checkout.order", "pk": 67, "fields": {"order_number": "C793AA16BF684E639906E037105335FA", "user_profile": null, "full_name": "Stuart Cox", "email": "coxstuart@hotmail.com", "phone_number": "07521711042", "town_or_city": "Eastleigh", "street_address1": "20 Avonborne Way", "street_address2": "North Millers Dale", "county": "nowhere", "postcode": "SO53 1TF", "country": "United Kingdom", "date": "2020-12-17T17:17:09.286Z", "total": "39.99", "original_bag": "", "stripe_pid": ""}}, {"model": "checkout.order", "pk": 68, "fields": {"order_number": "5C98DAECB0E04426BBD9C36A61277D3A", "user_profile": null, "full_name": "Stuart Cox", "email": "coxstuart@hotmail.com", "phone_number": "07521711042", "town_or_city": "Eastleigh", "street_address1": "20 Avonborne Way", "street_address2": "North Millers Dale", "county": "nowhere", "postcode": "SO53 1TF", "country": "GB", "date": "2020-12-17T18:20:58.945Z", "total": "39.99", "original_bag": "", "stripe_pid": ""}}, {"model": "checkout.order", "pk": 69, "fields": {"order_number": "C1D5EA40D4064FB0A999619864702D31", "user_profile": null, "full_name": "Stuart Cox", "email": "coxstuart@hotmail.com", "phone_number": "07521711042", "town_or_city": "Eastleigh", "street_address1": "20 Avonborne Way", "street_address2": "North Millers Dale", "county": "nowhere", "postcode": "SO53 1TF", "country": "GB", "date": "2020-12-17T18:42:11.455Z", "total": "39.99", "original_bag": "", "stripe_pid": ""}}, {"model": "checkout.order", "pk": 70, "fields": {"order_number": "4469D22533764CE29E97FAD822FFDFF5", "user_profile": null, "full_name": "Stuart Cox", "email": "coxstuart@hotmail.com", "phone_number": "07521711042", "town_or_city": "Eastleigh", "street_address1": "20 Avonborne Way", "street_address2": "North Millers Dale", "county": "nowhere", "postcode": "SO53 1TF", "country": "GB", "date": "2020-12-17T18:58:27.675Z", "total": "39.99", "original_bag": "{\"1\": 1}", "stripe_pid": "pi_1HzRfwCYIhWtN2RBK5GImkLn"}}, {"model": "checkout.order", "pk": 71, "fields": {"order_number": "59938A2978944C28B85D426A4390C4CD", "user_profile": null, "full_name": "Stuart Cox", "email": "coxstuart@hotmail.com", "phone_number": "07521711042", "town_or_city": "Eastleigh", "street_address1": "20 Avonborne Way", "street_address2": "North Millers Dale", "county": "nowhere", "postcode": "SO53 1TF", "country": "GB", "date": "2020-12-17T19:00:51.070Z", "total": "39.99", "original_bag": "{\"1\": 1}", "stripe_pid": "pi_1HzRiJCYIhWtN2RBIfxc9qfJ"}}, {"model": "checkout.order", "pk": 72, "fields": {"order_number": "5940C5DEBC3344E384A69E2274D04B03", "user_profile": null, "full_name": "Stuart Cox", "email": "coxstuart@hotmail.com", "phone_number": "07521711042", "town_or_city": "Eastleigh", "street_address1": "20 Avonborne Way", "street_address2": "North Millers Dale", "county": "nowhere", "postcode": "SO53 1TF", "country": "GB", "date": "2020-12-17T19:08:44.242Z", "total": "39.99", "original_bag": "{\"1\": 1}", "stripe_pid": "pi_1HzRpuCYIhWtN2RB5vIi8FIi"}}, {"model": "checkout.order", "pk": 73, "fields": {"order_number": "4BAD5DC38D1D4DC28CC83DFFF2021160", "user_profile": null, "full_name": "Stuart Cox", "email": "coxstuart@hotmail.com", "phone_number": "07521711042", "town_or_city": "Eastleigh", "street_address1": "20 Avonborne Way", "street_address2": "North Millers Dale", "county": "nowhere", "postcode": "SO53 1TF", "country": "GB", "date": "2020-12-17T19:11:18.969Z", "total": "39.99", "original_bag": "{\"1\": 1}", "stripe_pid": "pi_1HzRsSCYIhWtN2RBwYYJdWb8"}}, {"model": "checkout.order", "pk": 74, "fields": {"order_number": "AC07C4F014EA46FC9C12734B96A10CCC", "user_profile": null, "full_name": "Stuart Cox", "email": "coxstuart@hotmail.com", "phone_number": "07521711042", "town_or_city": "Eastleigh", "street_address1": "20 Avonborne Way", "street_address2": "North Millers Dale", "county": "nowhere", "postcode": "SO53 1TF", "country": "GB", "date": "2020-12-17T19:13:05.011Z", "total": "39.99", "original_bag": "{\"1\": 1}", "stripe_pid": "pi_1HzRu9CYIhWtN2RBMDJWvCSo"}}, {"model": "checkout.order", "pk": 75, "fields": {"order_number": "FCEB107BF3D94CC6A9EE5FA033A0FED4", "user_profile": null, "full_name": "Stuart Cox", "email": "coxstuart@hotmail.com", "phone_number": "07521711042", "town_or_city": "Eastleigh", "street_address1": "20 Avonborne Way", "street_address2": "North Millers Dale", "county": "nowhere", "postcode": "SO53 1TF", "country": "GB", "date": "2020-12-17T19:18:21.282Z", "total": "39.99", "original_bag": "{\"1\": 1}", "stripe_pid": "pi_1HzRzHCYIhWtN2RBAEBGsFlE"}}, {"model": "checkout.order", "pk": 76, "fields": {"order_number": "88D6FB2311034E8DB596951BE3D969F7", "user_profile": null, "full_name": "Stuart Cox", "email": "coxstuart@hotmail.com", "phone_number": "07521711042", "town_or_city": "Eastleigh", "street_address1": "20 Avonborne Way", "street_address2": "North Millers Dale", "county": "nowhere", "postcode": "SO53 1TF", "country": "GB", "date": "2020-12-17T19:28:10.332Z", "total": "39.99", "original_bag": "", "stripe_pid": ""}}, {"model": "checkout.order", "pk": 77, "fields": {"order_number": "28C101E8670A41B19ECAF0AE13D8205B", "user_profile": null, "full_name": "Stuart Cox", "email": "coxstuart@hotmail.com", "phone_number": "07521711042", "town_or_city": "Eastleigh", "street_address1": "20 Avonborne Way", "street_address2": "North Millers Dale", "county": "nowhere", "postcode": "SO53 1TF", "country": "GB", "date": "2020-12-17T19:28:56.334Z", "total": "39.99", "original_bag": "", "stripe_pid": ""}}, {"model": "checkout.order", "pk": 78, "fields": {"order_number": "E963D5D00DB74BEFBD4D91390A6F17D0", "user_profile": null, "full_name": "Stuart Cox", "email": "coxstuart@hotmail.com", "phone_number": "07521711042", "town_or_city": "Eastleigh", "street_address1": "20 Avonborne Way", "street_address2": "North Millers Dale", "county": "nowhere", "postcode": "SO53 1TF", "country": "GB", "date": "2020-12-17T20:04:13.753Z", "total": "79.98", "original_bag": "", "stripe_pid": ""}}, {"model": "checkout.order", "pk": 79, "fields": {"order_number": "30CA625B011241E6ADB5AB383B343055", "user_profile": null, "full_name": "Stu c", "email": "test@test.com", "phone_number": "123456", "town_or_city": "somewhere", "street_address1": "nowhere", "street_address2": null, "county": "nowhere", "postcode": "45678", "country": "GB", "date": "2020-12-17T20:16:45.430Z", "total": "39.99", "original_bag": "", "stripe_pid": ""}}, {"model": "checkout.order", "pk": 80, "fields": {"order_number": "D19FFF94260E4291A29136CDB78D31F9", "user_profile": null, "full_name": "michelangelo di lodovico buonarroti", "email": "mickeybetterthanleo@hotmail.com", "phone_number": "07583 726 092", "town_or_city": "rome", "street_address1": "noneyourbuissness", "street_address2": "national gallery of art", "county": "italy", "postcode": "RO67 4MB", "country": "IT", "date": "2020-12-17T21:26:39.630Z", "total": "279.93", "original_bag": "", "stripe_pid": ""}}, {"model": "checkout.order", "pk": 81, "fields": {"order_number": "E948C5769A814D0E9D79E616F7E43DF4", "user_profile": null, "full_name": "michelangelo di lodovico buonarroti", "email": "mickeybetter.thanleo@hotmail.com", "phone_number": "07583726092", "town_or_city": "rome", "street_address1": "noneyourbuissness", "street_address2": "national gallery of art", "county": "italy", "postcode": "RO67 4MB", "country": "IT", "date": "2020-12-17T21:30:59.433Z", "total": "39.99", "original_bag": "", "stripe_pid": ""}}, {"model": "checkout.order", "pk": 82, "fields": {"order_number": "AC63DC83811E4DF39E51865EC7261574", "user_profile": null, "full_name": "ghgh", "email": "asdf@hotmail.com", "phone_number": "0777777777", "town_or_city": "hhgh", "street_address1": "20 fgr", "street_address2": null, "county": null, "postcode": null, "country": "BH", "date": "2020-12-18T13:03:55.226Z", "total": "39.99", "original_bag": "", "stripe_pid": ""}}, {"model": "checkout.order", "pk": 83, "fields": {"order_number": "C9C2B690FB594A019FF48B45DF8EAAEF", "user_profile": null, "full_name": "hhgh", "email": "ghgh@hotmail.com", "phone_number": "6767", "town_or_city": "6767", "street_address1": "7676", "street_address2": null, "county": null, "postcode": null, "country": "BH", "date": "2020-12-18T13:04:44.738Z", "total": "39.99", "original_bag": "", "stripe_pid": ""}}, {"model": "checkout.order", "pk": 84, "fields": {"order_number": "609E14C0EB34467B9D2987F633CDA2A2", "user_profile": null, "full_name": "Stuart Cox", "email": "coxstuart@hotmail.com", "phone_number": "07521711042", "town_or_city": "Eastleigh", "street_address1": "20 Avonborne Way", "street_address2": "North Millers Dale", "county": "nowhere", "postcode": "SO53 1TF", "country": "GB", "date": "2020-12-19T10:33:02.765Z", "total": "39.99", "original_bag": "", "stripe_pid": ""}}, {"model": "checkout.order", "pk": 85, "fields": {"order_number": "B529FF81EE984F8DA67D6D453A6EB73E", "user_profile": null, "full_name": "Stuart Cox", "email": "coxstuart@hotmail.com", "phone_number": "07521711042", "town_or_city": "Eastleigh", "street_address1": "20 Avonborne Way", "street_address2": "North Millers Dale", "county": "nowhere", "postcode": "SO53 1TF", "country": "GB", "date": "2020-12-19T11:15:06.453Z", "total": "39.99", "original_bag": "", "stripe_pid": ""}}, {"model": "checkout.order", "pk": 86, "fields": {"order_number": "9955474934634156B31292D411038227", "user_profile": null, "full_name": "Stuart Cox", "email": "coxstuart@hotmail.com", "phone_number": "07521711042", "town_or_city": "Eastleigh", "street_address1": "20 Avonborne Way", "street_address2": "North Millers Dale", "county": "nowhere", "postcode": "SO53 1TF", "country": "GB", "date": "2020-12-19T11:29:21.175Z", "total": "39.99", "original_bag": "", "stripe_pid": ""}}, {"model": "checkout.order", "pk": 87, "fields": {"order_number": "2BDA39E4CA594853B07CF42028E6300D", "user_profile": 3, "full_name": "Stuart Cox", "email": "coxstuart@hotmail.com", "phone_number": "07521711042", "town_or_city": "Eastleigh", "street_address1": "20 Avonborne Way", "street_address2": "North Millers Dale", "county": null, "postcode": "SO53 1TF", "country": "GB", "date": "2020-12-19T14:24:29.993Z", "total": "39.99", "original_bag": "", "stripe_pid": ""}}, {"model": "checkout.order", "pk": 88, "fields": {"order_number": "305378B67135413192A8EE2773AC135D", "user_profile": 3, "full_name": "Stuart Cox", "email": "coxstuart@hotmail.com", "phone_number": "07521711042", "town_or_city": "Eastleigh", "street_address1": "20 Avonborne Way", "street_address2": "North Millers Dale", "county": null, "postcode": "SO53 1TF", "country": "GB", "date": "2020-12-19T15:10:39.194Z", "total": "79.98", "original_bag": "", "stripe_pid": ""}}, {"model": "checkout.order", "pk": 89, "fields": {"order_number": "E9D1A2ADC26B441BB654A62CA4555D9A", "user_profile": 3, "full_name": "Stuart Cox", "email": "coxstuart@hotmail.com", "phone_number": "07521711042", "town_or_city": "Eastleigh", "street_address1": "20 Avonborne Way", "street_address2": "North Millers Dale", "county": null, "postcode": "SO53 1TF", "country": "GB", "date": "2020-12-19T15:15:55.426Z", "total": "39.99", "original_bag": "", "stripe_pid": ""}}, {"model": "checkout.order", "pk": 90, "fields": {"order_number": "565B6E68AA654C74A6E013939AB83910", "user_profile": 3, "full_name": "Stuart Cox", "email": "coxstuart@hotmail.com", "phone_number": "07521711042", "town_or_city": "Eastleigh", "street_address1": "20 Avonborne Way", "street_address2": "North Millers Dale", "county": null, "postcode": "SO53 1TF", "country": "GB", "date": "2020-12-19T15:21:25.312Z", "total": "39.99", "original_bag": "", "stripe_pid": ""}}, {"model": "checkout.order", "pk": 91, "fields": {"order_number": "B1095EF641C94162851777182D784A46", "user_profile": 3, "full_name": "Stuart Cox", "email": "coxstuart@hotmail.com", "phone_number": "07521711042", "town_or_city": "Eastleigh", "street_address1": "20 Avonborne Way", "street_address2": "North Millers Dale", "county": null, "postcode": "SO53 1TF", "country": "GB", "date": "2020-12-19T15:23:14.628Z", "total": "39.99", "original_bag": "", "stripe_pid": ""}}, {"model": "checkout.order", "pk": 92, "fields": {"order_number": "FC9F0A1179574D3594A56393D9B89CB2", "user_profile": null, "full_name": "Stuart Cox", "email": "coxstuart@hotmail.com", "phone_number": "07521711042", "town_or_city": "Eastleigh", "street_address1": "20 Avonborne Way", "street_address2": "North Millers Dale", "county": "nowhere", "postcode": "SO53 1TF", "country": "GB", "date": "2020-12-22T16:55:38.782Z", "total": "39.99", "original_bag": "", "stripe_pid": ""}}, {"model": "checkout.order", "pk": 93, "fields": {"order_number": "47BCF96047D84B1C9C818592C6176E38", "user_profile": null, "full_name": "ghgh", "email": "coxstuart@hotmail.com", "phone_number": "0777777777", "town_or_city": "Eastleigh", "street_address1": "20 Avonborne Way", "street_address2": null, "county": "- please select -", "postcode": "SO53 1TF", "country": "GB", "date": "2020-12-23T11:29:12.599Z", "total": "79.98", "original_bag": "", "stripe_pid": ""}}, {"model": "checkout.order", "pk": 94, "fields": {"order_number": "54BE034EA1A847578E666030D5988BDE", "user_profile": null, "full_name": "ghgh", "email": "coxstuart@hotmail.com", "phone_number": "777777777", "town_or_city": "Eastleigh", "street_address1": "20 Avonborne Way", "street_address2": null, "county": "- please select -", "postcode": "SO53 1TF", "country": "GB", "date": "2020-12-23T11:31:15.485Z", "total": "79.98", "original_bag": "", "stripe_pid": ""}}, {"model": "checkout.order", "pk": 95, "fields": {"order_number": "8A241AC8E62849258FE8F1A1B500E7CC", "user_profile": 3, "full_name": "Stuart Cox", "email": "coxstuart@hotmail.com", "phone_number": "07521711042", "town_or_city": "Eastleigh", "street_address1": "20 Avonborne Way", "street_address2": "North Millers Dale", "county": "Hampshire", "postcode": "SO53 1TF", "country": "GB", "date": "2020-12-23T11:49:44.728Z", "total": "39.99", "original_bag": "", "stripe_pid": ""}}, {"model": "checkout.order", "pk": 96, "fields": {"order_number": "E51B77685DF949539BF4D632C365F554", "user_profile": null, "full_name": "Stuart Cox", "email": "coxstuart@hotmail.com", "phone_number": "07521711042", "town_or_city": "Eastleigh", "street_address1": "20 Avonborne Way", "street_address2": "North Millers Dale", "county": null, "postcode": "SO53 1TF", "country": "GB", "date": "2020-12-23T20:34:34.702Z", "total": "79.98", "original_bag": "", "stripe_pid": ""}}, {"model": "checkout.order", "pk": 97, "fields": {"order_number": "9AB5A4E3EF90472988F6B37F4636F3EB", "user_profile": 3, "full_name": "Stuart Cox", "email": "coxstuart@hotmail.com", "phone_number": "07521711042", "town_or_city": "Eastleigh", "street_address1": "20 Avonborne Way", "street_address2": "North Millers Dale", "county": "Hampshire", "postcode": "SO53 1TF", "country": "GB", "date": "2020-12-23T20:40:56.963Z", "total": "39.99", "original_bag": "", "stripe_pid": ""}}, {"model": "checkout.order", "pk": 98, "fields": {"order_number": "4360B48CAD6643BA9118BF557D076C2B", "user_profile": 3, "full_name": "Stuart Cox", "email": "coxstuart@hotmail.com", "phone_number": "07521711042", "town_or_city": "Eastleigh", "street_address1": "20 Avonborne Way", "street_address2": "North Millers Dale", "county": "Hampshire", "postcode": "SO53 1TF", "country": "GB", "date": "2020-12-23T20:41:35.216Z", "total": "39.99", "original_bag": "", "stripe_pid": ""}}, {"model": "checkout.order", "pk": 99, "fields": {"order_number": "DA43F6796C4F4463BDFFC8CABE3DC1FF", "user_profile": 3, "full_name": "Stuart Cox", "email": "coxstuart@hotmail.com", "phone_number": "07521711042", "town_or_city": "Eastleigh", "street_address1": "20 Avonborne Way", "street_address2": "North Millers Dale", "county": "Hampshire", "postcode": "SO53 1TF", "country": "GB", "date": "2020-12-26T09:44:16.233Z", "total": "39.99", "original_bag": "", "stripe_pid": ""}}, {"model": "checkout.order", "pk": 100, "fields": {"order_number": "407787AF671C4588B2585FE4FD3F52CE", "user_profile": null, "full_name": "Stuart Cox", "email": "coxstuart@hotmail.com", "phone_number": "07521711042", "town_or_city": "Eastleigh", "street_address1": "20 Avonborne Way", "street_address2": "North Millers Dale", "county": "nowhere", "postcode": "SO53 1TF", "country": "GB", "date": "2020-12-26T18:03:32.115Z", "total": "39.99", "original_bag": "", "stripe_pid": ""}}, {"model": "checkout.order", "pk": 101, "fields": {"order_number": "5B22ECAD696041E1AE9BD5E0CEDABC7C", "user_profile": null, "full_name": "Stuart Cox", "email": "coxstuart@hotmail.com", "phone_number": "07521711042", "town_or_city": "Eastleigh", "street_address1": "20 Avonborne Way", "street_address2": "North Millers Dale", "county": "nowhere", "postcode": "SO53 1TF", "country": "GB", "date": "2020-12-26T18:05:24.719Z", "total": "39.99", "original_bag": "", "stripe_pid": ""}}, {"model": "checkout.order", "pk": 102, "fields": {"order_number": "FB07C0F3B71D48239104830793346898", "user_profile": null, "full_name": "test", "email": "test@test.com", "phone_number": "123456", "town_or_city": "somewhere", "street_address1": "somewhere", "street_address2": null, "county": "nowhere", "postcode": "45678", "country": "GB", "date": "2020-12-27T11:22:58.076Z", "total": "79.98", "original_bag": "", "stripe_pid": ""}}, {"model": "checkout.order", "pk": 103, "fields": {"order_number": "E2C4274D19B44FE2B0BF32CDCF795D59", "user_profile": 3, "full_name": "Stuart Cox", "email": "coxstuart@hotmail.com", "phone_number": "07521711042", "town_or_city": "Eastleigh", "street_address1": "20 Avonborne Way", "street_address2": "North Millers Dale", "county": "Hampshire", "postcode": "SO53 1TF", "country": "GB", "date": "2020-12-27T11:34:50.972Z", "total": "39.99", "original_bag": "", "stripe_pid": ""}}, {"model": "checkout.order", "pk": 104, "fields": {"order_number": "01293D1504B4466D87F193392A1A7CC8", "user_profile": 3, "full_name": "Stuart Cox", "email": "coxstuart@hotmail.com", "phone_number": "07521711042", "town_or_city": "Eastleigh", "street_address1": "20 Avonborne Way", "street_address2": "North Millers Dale", "county": "Hampshire", "postcode": "SO53 1TF", "country": "GB", "date": "2020-12-27T11:37:27.190Z", "total": "39.99", "original_bag": "", "stripe_pid": ""}}, {"model": "checkout.order", "pk": 105, "fields": {"order_number": "FEE8F1652E744CE8AFFEBDB9EBAC0C6B", "user_profile": 3, "full_name": "Stuart Cox", "email": "coxstuart@hotmail.com", "phone_number": "07521711042", "town_or_city": "Eastleigh", "street_address1": "20 Avonborne Way", "street_address2": "North Millers Dale", "county": "Hampshire", "postcode": "SO53 1TF", "country": "GB", "date": "2020-12-27T15:34:51.347Z", "total": "39.99", "original_bag": "", "stripe_pid": ""}}, {"model": "checkout.order", "pk": 106, "fields": {"order_number": "F7AAC96D7CA348CD9C8B80855423ED0A", "user_profile": 3, "full_name": "Stuart Cox", "email": "coxstuart@hotmail.com", "phone_number": "07521711042", "town_or_city": "Eastleigh", "street_address1": "20 Avonborne Way", "street_address2": "North Millers Dale", "county": "Hampshire", "postcode": "SO53 1TF", "country": "GB", "date": "2020-12-27T15:49:47.980Z", "total": "39.99", "original_bag": "", "stripe_pid": ""}}, {"model": "checkout.order", "pk": 107, "fields": {"order_number": "B37DB7A86A08456E98A741C2EC0EE662", "user_profile": null, "full_name": "Stuart Cox", "email": "coxstuart@hotmail.com", "phone_number": "07521711042", "town_or_city": "Eastleigh", "street_address1": "20 Avonborne Way", "street_address2": "North Millers Dale", "county": "nowhere", "postcode": "SO53 1TF", "country": "GB", "date": "2020-12-28T13:08:22.727Z", "total": "159.96", "original_bag": "", "stripe_pid": ""}}, {"model": "checkout.order", "pk": 108, "fields": {"order_number": "43BB866D923F43A990616BCE72CFD5D7", "user_profile": null, "full_name": "Stuart Cox", "email": "coxstuart@hotmail.com", "phone_number": "07521711042", "town_or_city": "Eastleigh", "street_address1": "20 Avonborne Way", "street_address2": "North Millers Dale", "county": "nowhere", "postcode": "SO53 1TF", "country": "GB", "date": "2020-12-28T13:12:14.285Z", "total": "79.98", "original_bag": "", "stripe_pid": ""}}, {"model": "checkout.order", "pk": 109, "fields": {"order_number": "6CD6D7C7FA024A198E1D8F774FDCC654", "user_profile": null, "full_name": "stuart", "email": "test@test.com", "phone_number": "123456", "town_or_city": "somewhere", "street_address1": "somewhere", "street_address2": null, "county": "nowhere", "postcode": "45678", "country": "GB", "date": "2020-12-28T13:21:48.659Z", "total": "39.99", "original_bag": "", "stripe_pid": ""}}, {"model": "checkout.order", "pk": 110, "fields": {"order_number": "A3CE656DFC3C40688540B611D3B299E9", "user_profile": null, "full_name": "Stuart Cox", "email": "coxstuart@hotmail.com", "phone_number": "07521711042", "town_or_city": "Eastleigh", "street_address1": "20 Avonborne Way", "street_address2": "North Millers Dale", "county": "nowhere", "postcode": "SO53 1TF", "country": "GB", "date": "2020-12-29T12:12:56.008Z", "total": "159.96", "original_bag": "", "stripe_pid": ""}}, {"model": "checkout.order", "pk": 111, "fields": {"order_number": "D2B14B96BCCE4AB0B080290EE58F11D9", "user_profile": 3, "full_name": "Stuart Cox", "email": "coxstuart@hotmail.com", "phone_number": "07521711042", "town_or_city": "Eastleigh", "street_address1": "20 Avonborne Way", "street_address2": "North Millers Dale", "county": "Hampshire", "postcode": "SO53 1TF", "country": "GB", "date": "2020-12-29T13:44:32.609Z", "total": "39.99", "original_bag": "", "stripe_pid": ""}}, {"model": "checkout.order", "pk": 112, "fields": {"order_number": "072B8E7F88B146F5AC96D603372ABB22", "user_profile": 3, "full_name": "Stuart Cox", "email": "coxstuart@hotmail.com", "phone_number": "07521711042", "town_or_city": "Eastleigh", "street_address1": "20 Avonborne Way", "street_address2": "North Millers Dale", "county": "Hampshire", "postcode": "SO53 1TF", "country": "GB", "date": "2020-12-29T13:48:11.863Z", "total": "39.99", "original_bag": "", "stripe_pid": ""}}, {"model": "checkout.order", "pk": 113, "fields": {"order_number": "A3705EC02DAD41FDA4C4AA7A68A1F048", "user_profile": 3, "full_name": "Stuart Cox", "email": "coxstuart@hotmail.com", "phone_number": "07521711042", "town_or_city": "Eastleigh", "street_address1": "20 Avonborne Way", "street_address2": "North Millers Dale", "county": "Hampshire", "postcode": "SO53 1TF", "country": "GB", "date": "2020-12-29T13:58:39.970Z", "total": "39.99", "original_bag": "", "stripe_pid": ""}}, {"model": "checkout.order", "pk": 114, "fields": {"order_number": "66060BE98E904984BB89C7B2A22FCE29", "user_profile": 3, "full_name": "Stuart Cox", "email": "coxstuart@hotmail.com", "phone_number": "07521711042", "town_or_city": "Eastleigh", "street_address1": "20 Avonborne Way", "street_address2": "North Millers Dale", "county": "Hampshire", "postcode": "SO53 1TF", "country": "GB", "date": "2020-12-30T13:30:50.592Z", "total": "39.99", "original_bag": "", "stripe_pid": ""}}, {"model": "checkout.order", "pk": 115, "fields": {"order_number": "6AB3BE99DFE44AFE947FDC598D8543C4", "user_profile": 3, "full_name": "Stuart Cox", "email": "coxstuart@hotmail.com", "phone_number": "07521711042", "town_or_city": "Eastleigh", "street_address1": "20 Avonborne Way", "street_address2": "North Millers Dale", "county": "Hampshire", "postcode": "SO53 1TF", "country": "GB", "date": "2020-12-30T15:30:25.970Z", "total": "39.99", "original_bag": "", "stripe_pid": ""}}, {"model": "checkout.order", "pk": 116, "fields": {"order_number": "10B71DD8828A4A5C94BB2C22D5550AA1", "user_profile": 3, "full_name": "Stuart Cox", "email": "coxstuart@hotmail.com", "phone_number": "07521711042", "town_or_city": "Eastleigh", "street_address1": "20 Avonborne Way", "street_address2": "North Millers Dale", "county": "Hampshire", "postcode": "SO53 1TF", "country": "GB", "date": "2020-12-31T12:41:13.622Z", "total": "79.98", "original_bag": "", "stripe_pid": ""}}, {"model": "checkout.orderlineitem", "pk": 19, "fields": {"order": 17, "product": 1, "quantity": 1, "lineitem_total": "39.99"}}, {"model": "checkout.orderlineitem", "pk": 20, "fields": {"order": 18, "product": 2, "quantity": 1, "lineitem_total": "39.99"}}, {"model": "checkout.orderlineitem", "pk": 22, "fields": {"order": 19, "product": 20, "quantity": 1, "lineitem_total": "39.99"}}, {"model": "checkout.orderlineitem", "pk": 23, "fields": {"order": 20, "product": 3, "quantity": 1, "lineitem_total": "39.99"}}, {"model": "checkout.orderlineitem", "pk": 24, "fields": {"order": 21, "product": 1, "quantity": 1, "lineitem_total": "39.99"}}, {"model": "checkout.orderlineitem", "pk": 25, "fields": {"order": 23, "product": 3, "quantity": 1, "lineitem_total": "39.99"}}, {"model": "checkout.orderlineitem", "pk": 26, "fields": {"order": 23, "product": 4, "quantity": 1, "lineitem_total": "39.99"}}, {"model": "checkout.orderlineitem", "pk": 27, "fields": {"order": 24, "product": 7, "quantity": 1, "lineitem_total": "39.99"}}, {"model": "checkout.orderlineitem", "pk": 28, "fields": {"order": 25, "product": 1, "quantity": 2, "lineitem_total": "79.98"}}, {"model": "checkout.orderlineitem", "pk": 29, "fields": {"order": 26, "product": 8, "quantity": 1, "lineitem_total": "39.99"}}, {"model": "checkout.orderlineitem", "pk": 30, "fields": {"order": 26, "product": 19, "quantity": 1, "lineitem_total": "39.99"}}, {"model": "checkout.orderlineitem", "pk": 31, "fields": {"order": 27, "product": 11, "quantity": 1, "lineitem_total": "39.99"}}, {"model": "checkout.orderlineitem", "pk": 32, "fields": {"order": 28, "product": 2, "quantity": 2, "lineitem_total": "79.98"}}, {"model": "checkout.orderlineitem", "pk": 34, "fields": {"order": 28, "product": 20, "quantity": 1, "lineitem_total": "39.99"}}, {"model": "checkout.orderlineitem", "pk": 35, "fields": {"order": 29, "product": 16, "quantity": 2, "lineitem_total": "79.98"}}, {"model": "checkout.orderlineitem", "pk": 36, "fields": {"order": 30, "product": 6, "quantity": 1, "lineitem_total": "39.99"}}, {"model": "checkout.orderlineitem", "pk": 37, "fields": {"order": 31, "product": 1, "quantity": 1, "lineitem_total": "39.99"}}, {"model": "checkout.orderlineitem", "pk": 38, "fields": {"order": 32, "product": 2, "quantity": 1, "lineitem_total": "39.99"}}, {"model": "checkout.orderlineitem", "pk": 39, "fields": {"order": 33, "product": 2, "quantity": 1, "lineitem_total": "39.99"}}, {"model": "checkout.orderlineitem", "pk": 40, "fields": {"order": 34, "product": 1, "quantity": 1, "lineitem_total": "39.99"}}, {"model": "checkout.orderlineitem", "pk": 41, "fields": {"order": 35, "product": 1, "quantity": 2, "lineitem_total": "79.98"}}, {"model": "checkout.orderlineitem", "pk": 42, "fields": {"order": 36, "product": 5, "quantity": 1, "lineitem_total": "39.99"}}, {"model": "checkout.orderlineitem", "pk": 43, "fields": {"order": 37, "product": 6, "quantity": 2, "lineitem_total": "79.98"}}, {"model": "checkout.orderlineitem", "pk": 44, "fields": {"order": 38, "product": 3, "quantity": 1, "lineitem_total": "39.99"}}, {"model": "checkout.orderlineitem", "pk": 45, "fields": {"order": 39, "product": 1, "quantity": 1, "lineitem_total": "39.99"}}, {"model": "checkout.orderlineitem", "pk": 46, "fields": {"order": 40, "product": 1, "quantity": 1, "lineitem_total": "39.99"}}, {"model": "checkout.orderlineitem", "pk": 47, "fields": {"order": 41, "product": 1, "quantity": 1, "lineitem_total": "39.99"}}, {"model": "checkout.orderlineitem", "pk": 48, "fields": {"order": 42, "product": 1, "quantity": 1, "lineitem_total": "39.99"}}, {"model": "checkout.orderlineitem", "pk": 49, "fields": {"order": 43, "product": 1, "quantity": 2, "lineitem_total": "79.98"}}, {"model": "checkout.orderlineitem", "pk": 50, "fields": {"order": 44, "product": 1, "quantity": 1, "lineitem_total": "39.99"}}, {"model": "checkout.orderlineitem", "pk": 51, "fields": {"order": 45, "product": 1, "quantity": 1, "lineitem_total": "39.99"}}, {"model": "checkout.orderlineitem", "pk": 52, "fields": {"order": 46, "product": 1, "quantity": 2, "lineitem_total": "79.98"}}, {"model": "checkout.orderlineitem", "pk": 53, "fields": {"order": 47, "product": 1, "quantity": 1, "lineitem_total": "39.99"}}, {"model": "checkout.orderlineitem", "pk": 54, "fields": {"order": 48, "product": 1, "quantity": 1, "lineitem_total": "39.99"}}, {"model": "checkout.orderlineitem", "pk": 55, "fields": {"order": 49, "product": 1, "quantity": 2, "lineitem_total": "79.98"}}, {"model": "checkout.orderlineitem", "pk": 56, "fields": {"order": 50, "product": 1, "quantity": 1, "lineitem_total": "39.99"}}, {"model": "checkout.orderlineitem", "pk": 57, "fields": {"order": 51, "product": 1, "quantity": 1, "lineitem_total": "39.99"}}, {"model": "checkout.orderlineitem", "pk": 58, "fields": {"order": 52, "product": 1, "quantity": 1, "lineitem_total": "39.99"}}, {"model": "checkout.orderlineitem", "pk": 59, "fields": {"order": 53, "product": 1, "quantity": 2, "lineitem_total": "79.98"}}, {"model": "checkout.orderlineitem", "pk": 60, "fields": {"order": 54, "product": 1, "quantity": 3, "lineitem_total": "119.97"}}, {"model": "checkout.orderlineitem", "pk": 61, "fields": {"order": 55, "product": 1, "quantity": 4, "lineitem_total": "159.96"}}, {"model": "checkout.orderlineitem", "pk": 62, "fields": {"order": 56, "product": 1, "quantity": 5, "lineitem_total": "199.95"}}, {"model": "checkout.orderlineitem", "pk": 63, "fields": {"order": 57, "product": 1, "quantity": 5, "lineitem_total": "199.95"}}, {"model": "checkout.orderlineitem", "pk": 64, "fields": {"order": 58, "product": 1, "quantity": 1, "lineitem_total": "39.99"}}, {"model": "checkout.orderlineitem", "pk": 65, "fields": {"order": 59, "product": 1, "quantity": 2, "lineitem_total": "79.98"}}, {"model": "checkout.orderlineitem", "pk": 66, "fields": {"order": 60, "product": 1, "quantity": 1, "lineitem_total": "39.99"}}, {"model": "checkout.orderlineitem", "pk": 67, "fields": {"order": 61, "product": 1, "quantity": 1, "lineitem_total": "39.99"}}, {"model": "checkout.orderlineitem", "pk": 68, "fields": {"order": 61, "product": 5, "quantity": 1, "lineitem_total": "39.99"}}, {"model": "checkout.orderlineitem", "pk": 69, "fields": {"order": 61, "product": 8, "quantity": 1, "lineitem_total": "39.99"}}, {"model": "checkout.orderlineitem", "pk": 70, "fields": {"order": 62, "product": 1, "quantity": 1, "lineitem_total": "39.99"}}, {"model": "checkout.orderlineitem", "pk": 71, "fields": {"order": 62, "product": 3, "quantity": 2, "lineitem_total": "79.98"}}, {"model": "checkout.orderlineitem", "pk": 72, "fields": {"order": 62, "product": 11, "quantity": 2, "lineitem_total": "79.98"}}, {"model": "checkout.orderlineitem", "pk": 73, "fields": {"order": 63, "product": 32, "quantity": 1, "lineitem_total": "39.99"}}, {"model": "checkout.orderlineitem", "pk": 74, "fields": {"order": 63, "product": 34, "quantity": 2, "lineitem_total": "79.98"}}, {"model": "checkout.orderlineitem", "pk": 75, "fields": {"order": 64, "product": 3, "quantity": 1, "lineitem_total": "39.99"}}, {"model": "checkout.orderlineitem", "pk": 76, "fields": {"order": 65, "product": 1, "quantity": 1, "lineitem_total": "39.99"}}, {"model": "checkout.orderlineitem", "pk": 77, "fields": {"order": 66, "product": 1, "quantity": 1, "lineitem_total": "39.99"}}, {"model": "checkout.orderlineitem", "pk": 78, "fields": {"order": 67, "product": 1, "quantity": 1, "lineitem_total": "39.99"}}, {"model": "checkout.orderlineitem", "pk": 79, "fields": {"order": 68, "product": 5, "quantity": 1, "lineitem_total": "39.99"}}, {"model": "checkout.orderlineitem", "pk": 80, "fields": {"order": 69, "product": 1, "quantity": 1, "lineitem_total": "39.99"}}, {"model": "checkout.orderlineitem", "pk": 81, "fields": {"order": 70, "product": 1, "quantity": 1, "lineitem_total": "39.99"}}, {"model": "checkout.orderlineitem", "pk": 82, "fields": {"order": 71, "product": 1, "quantity": 1, "lineitem_total": "39.99"}}, {"model": "checkout.orderlineitem", "pk": 83, "fields": {"order": 72, "product": 1, "quantity": 1, "lineitem_total": "39.99"}}, {"model": "checkout.orderlineitem", "pk": 84, "fields": {"order": 73, "product": 1, "quantity": 1, "lineitem_total": "39.99"}}, {"model": "checkout.orderlineitem", "pk": 85, "fields": {"order": 74, "product": 1, "quantity": 1, "lineitem_total": "39.99"}}, {"model": "checkout.orderlineitem", "pk": 86, "fields": {"order": 75, "product": 1, "quantity": 1, "lineitem_total": "39.99"}}, {"model": "checkout.orderlineitem", "pk": 87, "fields": {"order": 76, "product": 1, "quantity": 1, "lineitem_total": "39.99"}}, {"model": "checkout.orderlineitem", "pk": 88, "fields": {"order": 77, "product": 1, "quantity": 1, "lineitem_total": "39.99"}}, {"model": "checkout.orderlineitem", "pk": 89, "fields": {"order": 78, "product": 1, "quantity": 2, "lineitem_total": "79.98"}}, {"model": "checkout.orderlineitem", "pk": 90, "fields": {"order": 79, "product": 6, "quantity": 1, "lineitem_total": "39.99"}}, {"model": "checkout.orderlineitem", "pk": 91, "fields": {"order": 80, "product": 20, "quantity": 1, "lineitem_total": "39.99"}}, {"model": "checkout.orderlineitem", "pk": 92, "fields": {"order": 80, "product": 1, "quantity": 3, "lineitem_total": "119.97"}}, {"model": "checkout.orderlineitem", "pk": 93, "fields": {"order": 80, "product": 5, "quantity": 1, "lineitem_total": "39.99"}}, {"model": "checkout.orderlineitem", "pk": 94, "fields": {"order": 80, "product": 4, "quantity": 2, "lineitem_total": "79.98"}}, {"model": "checkout.orderlineitem", "pk": 95, "fields": {"order": 81, "product": 1, "quantity": 1, "lineitem_total": "39.99"}}, {"model": "checkout.orderlineitem", "pk": 96, "fields": {"order": 82, "product": 1, "quantity": 1, "lineitem_total": "39.99"}}, {"model": "checkout.orderlineitem", "pk": 97, "fields": {"order": 83, "product": 4, "quantity": 1, "lineitem_total": "39.99"}}, {"model": "checkout.orderlineitem", "pk": 98, "fields": {"order": 84, "product": 1, "quantity": 1, "lineitem_total": "39.99"}}, {"model": "checkout.orderlineitem", "pk": 99, "fields": {"order": 85, "product": 6, "quantity": 1, "lineitem_total": "39.99"}}, {"model": "checkout.orderlineitem", "pk": 100, "fields": {"order": 86, "product": 1, "quantity": 1, "lineitem_total": "39.99"}}, {"model": "checkout.orderlineitem", "pk": 101, "fields": {"order": 87, "product": 1, "quantity": 1, "lineitem_total": "39.99"}}, {"model": "checkout.orderlineitem", "pk": 102, "fields": {"order": 88, "product": 1, "quantity": 1, "lineitem_total": "39.99"}}, {"model": "checkout.orderlineitem", "pk": 103, "fields": {"order": 88, "product": 5, "quantity": 1, "lineitem_total": "39.99"}}, {"model": "checkout.orderlineitem", "pk": 104, "fields": {"order": 89, "product": 1, "quantity": 1, "lineitem_total": "39.99"}}, {"model": "checkout.orderlineitem", "pk": 105, "fields": {"order": 90, "product": 2, "quantity": 1, "lineitem_total": "39.99"}}, {"model": "checkout.orderlineitem", "pk": 106, "fields": {"order": 91, "product": 1, "quantity": 1, "lineitem_total": "39.99"}}, {"model": "checkout.orderlineitem", "pk": 107, "fields": {"order": 92, "product": 2, "quantity": 1, "lineitem_total": "39.99"}}, {"model": "checkout.orderlineitem", "pk": 108, "fields": {"order": 93, "product": 2, "quantity": 2, "lineitem_total": "79.98"}}, {"model": "checkout.orderlineitem", "pk": 109, "fields": {"order": 94, "product": 15, "quantity": 2, "lineitem_total": "79.98"}}, {"model": "checkout.orderlineitem", "pk": 110, "fields": {"order": 95, "product": 1, "quantity": 1, "lineitem_total": "39.99"}}, {"model": "checkout.orderlineitem", "pk": 111, "fields": {"order": 96, "product": 3, "quantity": 2, "lineitem_total": "79.98"}}, {"model": "checkout.orderlineitem", "pk": 112, "fields": {"order": 97, "product": 2, "quantity": 1, "lineitem_total": "39.99"}}, {"model": "checkout.orderlineitem", "pk": 113, "fields": {"order": 98, "product": 2, "quantity": 1, "lineitem_total": "39.99"}}, {"model": "checkout.orderlineitem", "pk": 114, "fields": {"order": 99, "product": 26, "quantity": 1, "lineitem_total": "39.99"}}, {"model": "checkout.orderlineitem", "pk": 115, "fields": {"order": 100, "product": 4, "quantity": 1, "lineitem_total": "39.99"}}, {"model": "checkout.orderlineitem", "pk": 116, "fields": {"order": 101, "product": 3, "quantity": 1, "lineitem_total": "39.99"}}, {"model": "checkout.orderlineitem", "pk": 117, "fields": {"order": 102, "product": 2, "quantity": 2, "lineitem_total": "79.98"}}, {"model": "checkout.orderlineitem", "pk": 118, "fields": {"order": 103, "product": 1, "quantity": 1, "lineitem_total": "39.99"}}, {"model": "checkout.orderlineitem", "pk": 119, "fields": {"order": 104, "product": 4, "quantity": 1, "lineitem_total": "39.99"}}, {"model": "checkout.orderlineitem", "pk": 120, "fields": {"order": 105, "product": 3, "quantity": 1, "lineitem_total": "39.99"}}, {"model": "checkout.orderlineitem", "pk": 121, "fields": {"order": 106, "product": 2, "quantity": 1, "lineitem_total": "39.99"}}, {"model": "checkout.orderlineitem", "pk": 122, "fields": {"order": 107, "product": 3, "quantity": 4, "lineitem_total": "159.96"}}, {"model": "checkout.orderlineitem", "pk": 123, "fields": {"order": 108, "product": 3, "quantity": 2, "lineitem_total": "79.98"}}, {"model": "checkout.orderlineitem", "pk": 124, "fields": {"order": 109, "product": 3, "quantity": 1, "lineitem_total": "39.99"}}, {"model": "checkout.orderlineitem", "pk": 125, "fields": {"order": 110, "product": 30, "quantity": 3, "lineitem_total": "119.97"}}, {"model": "checkout.orderlineitem", "pk": 126, "fields": {"order": 110, "product": 3, "quantity": 1, "lineitem_total": "39.99"}}, {"model": "checkout.orderlineitem", "pk": 127, "fields": {"order": 111, "product": 2, "quantity": 1, "lineitem_total": "39.99"}}, {"model": "checkout.orderlineitem", "pk": 128, "fields": {"order": 112, "product": 2, "quantity": 1, "lineitem_total": "39.99"}}, {"model": "checkout.orderlineitem", "pk": 129, "fields": {"order": 113, "product": 1, "quantity": 1, "lineitem_total": "39.99"}}, {"model": "checkout.orderlineitem", "pk": 130, "fields": {"order": 114, "product": 1, "quantity": 1, "lineitem_total": "39.99"}}, {"model": "checkout.orderlineitem", "pk": 131, "fields": {"order": 115, "product": 2, "quantity": 1, "lineitem_total": "39.99"}}, {"model": "checkout.orderlineitem", "pk": 132, "fields": {"order": 116, "product": 1, "quantity": 2, "lineitem_total": "79.98"}}, {"model": "profiles.userprofile", "pk": 1, "fields": {"user": 2, "default_phone_number": null, "default_street_address1": null, "default_street_address2": null, "default_town_or_city": null, "default_county": null, "default_postcode": null, "default_country": null}}, {"model": "profiles.userprofile", "pk": 2, "fields": {"user": 3, "default_phone_number": null, "default_street_address1": null, "default_street_address2": null, "default_town_or_city": null, "default_county": null, "default_postcode": null, "default_country": null}}, {"model": "profiles.userprofile", "pk": 3, "fields": {"user": 1, "default_phone_number": "07521711042", "default_street_address1": "20 Avonborne Way", "default_street_address2": "North Millers Dale", "default_town_or_city": "Eastleigh", "default_county": "Hampshire", "default_postcode": "SO53 1TF", "default_country": "GB"}}, {"model": "profiles.userprofile", "pk": 4, "fields": {"user": 4, "default_phone_number": null, "default_street_address1": null, "default_street_address2": null, "default_town_or_city": null, "default_county": null, "default_postcode": null, "default_country": null}}, {"model": "profiles.userprofile", "pk": 5, "fields": {"user": 5, "default_phone_number": null, "default_street_address1": null, "default_street_address2": null, "default_town_or_city": null, "default_county": null, "default_postcode": null, "default_country": null}}, {"model": "profiles.userprofile", "pk": 6, "fields": {"user": 6, "default_phone_number": null, "default_street_address1": null, "default_street_address2": null, "default_town_or_city": null, "default_county": null, "default_postcode": null, "default_country": null}}, {"model": "profiles.userprofile", "pk": 7, "fields": {"user": 7, "default_phone_number": "0000", "default_street_address1": "4545", "default_street_address2": "4545", "default_town_or_city": "45", "default_county": "54", "default_postcode": "45", "default_country": "BH"}}, {"model": "profiles.userprofile", "pk": 8, "fields": {"user": 8, "default_phone_number": "2222", "default_street_address1": "1212", "default_street_address2": "1212", "default_town_or_city": "1212", "default_county": "1212", "default_postcode": "1212", "default_country": "BE"}}, {"model": "blog.blogentry", "pk": 2, "fields": {"blogposter": "Eric Vorsson", "blogdate": "2021-01-27", "blogid": "2", "blogtitle": "Famous Madrid mural to be removed", "blogtext": "In their wisdom, Madrid City Council have decided that this classic piece will be removed in the New Year,. If you are in Spain, write to your local leaders to protest against this travesty. We believe that all street art, especially pieces as important is this one enrich a city and increases the quality of life for all residents.", "blogimage_url": "http://b0002.jpg", "blogimage": "b0002_IdYJphs.jpg"}}, {"model": "blog.blogentry", "pk": 3, "fields": {"blogposter": "Camilla Wyatt", "blogdate": "2021-01-20", "blogid": "3", "blogtitle": "Street Art @ Home tours", "blogtext": "Aiming to re-start in mid-2021 (lockdown rules permitting!) we aim to once more start free tours of some cities to view pieces. If you buy a piece from us, this will entitle you to a free walking tour of the selected city to view your piece in its place. First city is London, followed by Paris and by the end of 2022 we plan to have 12 cities worldwide that can offer this.", "blogimage_url": "http://b0003.jpg", "blogimage": "b0003_I34dBpD.jpg"}}, {"model": "blog.blogentry", "pk": 4, "fields": {"blogposter": "Camilla Wyatt", "blogdate": "2021-01-11", "blogid": "4", "blogtitle": "Hong Kong law", "blogtext": "The local government in Hong Kong are set to outlaw all graffiti and street art! As a lesser known part of the NPCSC rules made famous through the summer '20 protests there, the local interpretation of the laws has given guidance that ALL street art contravenes the law. We say that this further diminishment of the right to freedom of expression and support all protesters there in their aims. We have arranged for 250 litres of paint to be exported to HK to a local street artist collective to support them.", "blogimage_url": "http://0004.jpg", "blogimage": "b0004.jpg"}}, {"model": "blog.blogentry", "pk": 5, "fields": {"blogposter": "Mora Sivalla", "blogdate": "2021-01-04", "blogid": "5", "blogtitle": "New product", "blogtext": "We were sent this as a free trial, and are happy to say that it is an excellent new product. No money exchanged hands for us to say this, but the seller did say that they could give 10% off to anyone who used the voucher code SAAH20 when placing an online order. Go to www.montana-cans.com and order before the end of January 2021 to take advantage of the offer.", "blogimage_url": "http://b0005.jpg", "blogimage": "b0005.jpg"}}, {"model": "blog.blogentry", "pk": 6, "fields": {"blogposter": "Mora Sivalla", "blogdate": "2020-12-30", "blogid": "6", "blogtitle": "Brooklyn show", "blogtext": "A new cutting edge street art exhibition at the 25 Kent venue in Brooklyn has been announced starting in September 2021 (fingers crossed!), the last show along similar lines there sold out months prior to the opening date so our advice is to book tickets now if you plan on a visit.", "blogimage_url": "http://b0006.jpg", "blogimage": "b0006.jpg"}}, {"model": "cities.citiesentry", "pk": 1, "fields": {"citiesid": "1", "citiestitle": "London", "citiestext": "London is one of the worlds best places to see street art. Street Artists come from far and wide in order to paint its walls and visitors travel miles to see it. The East End of London in particular has a renowned reputation. There are however other fantastic spots with some great art scenes in their own right.  Brick Lane, Shoreditch, Leake Street and Penge are all places worth a visit.", "citiesimage_url": "http://c0001.jpg", "citiesimage": "c0001_4G0DhLj.jpg"}}, {"model": "cities.citiesentry", "pk": 2, "fields": {"citiesid": "2", "citiestitle": "Berlin", "citiestext": "From the iconic tags of the graffiti impresarios in Kreuzberg to the ever-evolving political splatters in Friedrichshain, Berlins street-art scene has exploded in recent years, transforming grey into colour. Whether youre a first-time visitor or a local seeking to discover the unruly charm of the city, beyond Kreuzberg and Friedrichshain, Mitte and Prenzlauer Berg all all must-see's.", "citiesimage_url": "http://c0002.jpg", "citiesimage": "c0002.jpg"}}, {"model": "cities.citiesentry", "pk": 3, "fields": {"citiesid": "3", "citiestitle": "Bristol", "citiestext": "When thinking about the best places to see street art and graffiti, Bristol is the sort of place that comes high on the list.\r\n\r\nFor many, it is the undisputed capital of street art and graffiti in the UK.  To be fair there are few other places with as much of a connection to the scene as this city.\r\n\r\nIts scene in places is raw and uncurated and it is all around.  In others, some of the best organised art in the country.  Bristol is the home of Upfest. Europes biggest street art festival, whilst also being considered by many to be the birthplace of the UKs graffiti scene.", "citiesimage_url": "http://c0003.jpg", "citiesimage": "c0003.jpg"}}, {"model": "cities.citiesentry", "pk": 4, "fields": {"citiesid": "4", "citiestitle": "Paris", "citiestext": "For centuries, Paris has attracted artists from around the world, all of them seeking to be inspired by the City of Lights. With some 130 museums in Paris, there is so much art to see, but what about the local, contemporary art that lies beyond the Louvre, Muse DOrsay or Muse Rodin? Armed with some good walking shoes, you can uncover the subculture arts scene of Paris just by roaming the streets. Youll have to be quick though, as most of the art listed below does have an expiration date  eventually to be replaced by another mural or fresco. But in many ways, it is indeed this ephemeral quality that adds to the works mystery and beauty. If you are lucky enough to be in Paris some time soon, keep your eyes open for the best pieces.", "citiesimage_url": "http://c0004.jpg", "citiesimage": "c0004_nwgtZJZ.jpg"}}, {"model": "cities.citiesentry", "pk": 6, "fields": {"citiesid": "5", "citiestitle": "New York", "citiestext": "Street art was born in NYC during the 1970s, a time when the city was bankrupt and wracked by crime. Almost as a response to the chaos, young kids from the Bronx and Brooklyn began bombing subway cars and buildings with graffiti tags. It was an illegal and sometimes dangerous activity, but it created an art form that would spread around the world, and find its way into NYC galleries and museums in NYC.", "citiesimage_url": "http://0005.jpg", "citiesimage": "c0005_cY2evwx.jpg"}}]